2026-04-27 07:14:53.111 +05:45 [INF] User profile is available. Using '/home/susant/.aspnet/DataProtection-Keys' as key repository; keys will not be encrypted at rest.
2026-04-27 07:14:53.381 +05:45 [INF] Now listening on: http://localhost:5150
2026-04-27 07:14:53.385 +05:45 [INF] Application started. Press Ctrl+C to shut down.
2026-04-27 07:14:53.386 +05:45 [INF] Hosting environment: Development
2026-04-27 07:14:53.386 +05:45 [INF] Content root path: /home/susant/RiderProjects/sem2week1
2026-04-27 07:14:54.242 +05:45 [INF] Request starting HTTP/1.1 GET http://localhost:5150/swagger/index.html - null null
2026-04-27 07:14:54.348 +05:45 [INF] Request finished HTTP/1.1 GET http://localhost:5150/swagger/index.html - 200 null text/html;charset=utf-8 106.6505ms
2026-04-27 07:14:54.421 +05:45 [INF] Request starting HTTP/1.1 GET http://localhost:5150/swagger/swagger-ui.css - null null
2026-04-27 07:14:54.423 +05:45 [INF] Request starting HTTP/1.1 GET http://localhost:5150/swagger/swagger-ui-bundle.js - null null
2026-04-27 07:14:54.429 +05:45 [INF] Request starting HTTP/1.1 GET http://localhost:5150/swagger/swagger-ui-standalone-preset.js - null null
2026-04-27 07:14:54.469 +05:45 [INF] Sending file. Request path: '/swagger-ui-bundle.js'. Physical path: 'N/A'
2026-04-27 07:14:54.474 +05:45 [INF] Sending file. Request path: '/swagger-ui.css'. Physical path: 'N/A'
2026-04-27 07:14:54.469 +05:45 [INF] Sending file. Request path: '/swagger-ui-standalone-preset.js'. Physical path: 'N/A'
2026-04-27 07:14:54.477 +05:45 [INF] Request finished HTTP/1.1 GET http://localhost:5150/swagger/swagger-ui-standalone-preset.js - 200 230280 text/javascript 47.5924ms
2026-04-27 07:14:54.477 +05:45 [INF] Request finished HTTP/1.1 GET http://localhost:5150/swagger/swagger-ui.css - 200 152034 text/css 56.3183ms
2026-04-27 07:14:54.477 +05:45 [INF] Request finished HTTP/1.1 GET http://localhost:5150/swagger/swagger-ui-bundle.js - 200 1456926 text/javascript 53.6547ms
2026-04-27 07:14:54.690 +05:45 [INF] Request starting HTTP/1.1 GET http://localhost:5150/swagger/v1/swagger.json - null null
2026-04-27 07:14:54.794 +05:45 [INF] Request finished HTTP/1.1 GET http://localhost:5150/swagger/v1/swagger.json - 200 null application/json;charset=utf-8 104.0736ms
2026-04-27 07:15:20.974 +05:45 [INF] Request starting HTTP/1.1 POST http://localhost:5150/api/Auth/login - application/json 53
2026-04-27 07:15:20.980 +05:45 [WRN] Failed to determine the https port for redirect.
2026-04-27 07:15:21.009 +05:45 [INF] Executing endpoint 'sem2week1.Controllers.AuthController.Login (sem2week1)'
2026-04-27 07:15:21.030 +05:45 [INF] Route matched with {action = "Login", controller = "Auth"}. Executing controller action with signature System.Threading.Tasks.Task`1[Microsoft.AspNetCore.Mvc.IActionResult] Login(sem2week1.DTOS.LoginDto) on controller sem2week1.Controllers.AuthController (sem2week1).
2026-04-27 07:15:21.190 +05:45 [INF] Executing action method sem2week1.Controllers.AuthController.Login (sem2week1) - Validation state: "Valid"
2026-04-27 07:15:22.671 +05:45 [INF] Executed DbCommand (81ms) [Parameters=[@__normalizedEmail_0='?'], CommandType='"Text"', CommandTimeout='30']
SELECT u."Id", u."AccessFailedCount", u."ConcurrencyStamp", u."Email", u."EmailConfirmed", u."FirstName", u."LastName", u."LockoutEnabled", u."LockoutEnd", u."NormalizedEmail", u."NormalizedUserName", u."PasswordHash", u."PhoneNumber", u."PhoneNumberConfirmed", u."SecurityStamp", u."TwoFactorEnabled", u."UserName"
FROM "Users" AS u
WHERE u."NormalizedEmail" = @__normalizedEmail_0
LIMIT 2
2026-04-27 07:15:22.716 +05:45 [INF] Executed action method sem2week1.Controllers.AuthController.Login (sem2week1), returned result Microsoft.AspNetCore.Mvc.UnauthorizedObjectResult in 1521.0766ms.
2026-04-27 07:15:22.728 +05:45 [INF] Executing UnauthorizedObjectResult, writing value of type '<>f__AnonymousType1`1[[System.String, System.Private.CoreLib, Version=8.0.0.0, Culture=neutral, PublicKeyToken=7cec85d7bea7798e]]'.
2026-04-27 07:15:22.740 +05:45 [INF] Executed action sem2week1.Controllers.AuthController.Login (sem2week1) in 1704.3655ms
2026-04-27 07:15:22.742 +05:45 [INF] Executed endpoint 'sem2week1.Controllers.AuthController.Login (sem2week1)'
2026-04-27 07:15:22.745 +05:45 [INF] [2026-04-27 01:30:21] POST /api/Auth/login | User:Anonymous | Status:401 | Time:1737.12ms
2026-04-27 07:15:22.765 +05:45 [INF] Request finished HTTP/1.1 POST http://localhost:5150/api/Auth/login - 401 null application/json; charset=utf-8 1790.6099ms
2026-04-27 07:15:36.635 +05:45 [INF] Request starting HTTP/1.1 POST http://localhost:5150/api/Auth/login - application/json 56
2026-04-27 07:15:36.639 +05:45 [INF] Executing endpoint 'sem2week1.Controllers.AuthController.Login (sem2week1)'
2026-04-27 07:15:36.639 +05:45 [INF] Route matched with {action = "Login", controller = "Auth"}. Executing controller action with signature System.Threading.Tasks.Task`1[Microsoft.AspNetCore.Mvc.IActionResult] Login(sem2week1.DTOS.LoginDto) on controller sem2week1.Controllers.AuthController (sem2week1).
2026-04-27 07:15:36.646 +05:45 [INF] Executing action method sem2week1.Controllers.AuthController.Login (sem2week1) - Validation state: "Valid"
2026-04-27 07:15:36.694 +05:45 [INF] Executed DbCommand (5ms) [Parameters=[@__normalizedEmail_0='?'], CommandType='"Text"', CommandTimeout='30']
SELECT u."Id", u."AccessFailedCount", u."ConcurrencyStamp", u."Email", u."EmailConfirmed", u."FirstName", u."LastName", u."LockoutEnabled", u."LockoutEnd", u."NormalizedEmail", u."NormalizedUserName", u."PasswordHash", u."PhoneNumber", u."PhoneNumberConfirmed", u."SecurityStamp", u."TwoFactorEnabled", u."UserName"
FROM "Users" AS u
WHERE u."NormalizedEmail" = @__normalizedEmail_0
LIMIT 2
2026-04-27 07:15:36.695 +05:45 [INF] Executed action method sem2week1.Controllers.AuthController.Login (sem2week1), returned result Microsoft.AspNetCore.Mvc.UnauthorizedObjectResult in 48.6705ms.
2026-04-27 07:15:36.696 +05:45 [INF] Executing UnauthorizedObjectResult, writing value of type '<>f__AnonymousType1`1[[System.String, System.Private.CoreLib, Version=8.0.0.0, Culture=neutral, PublicKeyToken=7cec85d7bea7798e]]'.
2026-04-27 07:15:36.696 +05:45 [INF] Executed action sem2week1.Controllers.AuthController.Login (sem2week1) in 56.9336ms
2026-04-27 07:15:36.696 +05:45 [INF] Executed endpoint 'sem2week1.Controllers.AuthController.Login (sem2week1)'
2026-04-27 07:15:36.697 +05:45 [INF] [2026-04-27 01:30:36] POST /api/Auth/login | User:Anonymous | Status:401 | Time:58.04ms
2026-04-27 07:15:36.697 +05:45 [INF] Request finished HTTP/1.1 POST http://localhost:5150/api/Auth/login - 401 null application/json; charset=utf-8 62.1709ms
2026-04-27 07:17:20.945 +05:45 [INF] Request starting HTTP/1.1 POST http://localhost:5150/api/Auth/login - application/json 55
2026-04-27 07:17:20.949 +05:45 [INF] Executing endpoint 'sem2week1.Controllers.AuthController.Login (sem2week1)'
2026-04-27 07:17:20.949 +05:45 [INF] Route matched with {action = "Login", controller = "Auth"}. Executing controller action with signature System.Threading.Tasks.Task`1[Microsoft.AspNetCore.Mvc.IActionResult] Login(sem2week1.DTOS.LoginDto) on controller sem2week1.Controllers.AuthController (sem2week1).
2026-04-27 07:17:20.966 +05:45 [INF] Executing action method sem2week1.Controllers.AuthController.Login (sem2week1) - Validation state: "Valid"
2026-04-27 07:17:20.980 +05:45 [INF] Executed DbCommand (2ms) [Parameters=[@__normalizedEmail_0='?'], CommandType='"Text"', CommandTimeout='30']
SELECT u."Id", u."AccessFailedCount", u."ConcurrencyStamp", u."Email", u."EmailConfirmed", u."FirstName", u."LastName", u."LockoutEnabled", u."LockoutEnd", u."NormalizedEmail", u."NormalizedUserName", u."PasswordHash", u."PhoneNumber", u."PhoneNumberConfirmed", u."SecurityStamp", u."TwoFactorEnabled", u."UserName"
FROM "Users" AS u
WHERE u."NormalizedEmail" = @__normalizedEmail_0
LIMIT 2
2026-04-27 07:17:21.132 +05:45 [INF] Executed action method sem2week1.Controllers.AuthController.Login (sem2week1), returned result Microsoft.AspNetCore.Mvc.UnauthorizedObjectResult in 165.0513ms.
2026-04-27 07:17:21.132 +05:45 [INF] Executing UnauthorizedObjectResult, writing value of type '<>f__AnonymousType1`1[[System.String, System.Private.CoreLib, Version=8.0.0.0, Culture=neutral, PublicKeyToken=7cec85d7bea7798e]]'.
2026-04-27 07:17:21.132 +05:45 [INF] Executed action sem2week1.Controllers.AuthController.Login (sem2week1) in 183.017ms
2026-04-27 07:17:21.133 +05:45 [INF] Executed endpoint 'sem2week1.Controllers.AuthController.Login (sem2week1)'
2026-04-27 07:17:21.133 +05:45 [INF] [2026-04-27 01:32:20] POST /api/Auth/login | User:Anonymous | Status:401 | Time:183.90ms
2026-04-27 07:17:21.133 +05:45 [INF] Request finished HTTP/1.1 POST http://localhost:5150/api/Auth/login - 401 null application/json; charset=utf-8 188.0196ms
2026-04-27 07:17:29.263 +05:45 [INF] Request starting HTTP/1.1 POST http://localhost:5150/api/Auth/login - application/json 58
2026-04-27 07:17:29.264 +05:45 [INF] Executing endpoint 'sem2week1.Controllers.AuthController.Login (sem2week1)'
2026-04-27 07:17:29.264 +05:45 [INF] Route matched with {action = "Login", controller = "Auth"}. Executing controller action with signature System.Threading.Tasks.Task`1[Microsoft.AspNetCore.Mvc.IActionResult] Login(sem2week1.DTOS.LoginDto) on controller sem2week1.Controllers.AuthController (sem2week1).
2026-04-27 07:17:29.265 +05:45 [INF] Executing action method sem2week1.Controllers.AuthController.Login (sem2week1) - Validation state: "Valid"
2026-04-27 07:17:29.268 +05:45 [INF] Executed DbCommand (1ms) [Parameters=[@__normalizedEmail_0='?'], CommandType='"Text"', CommandTimeout='30']
SELECT u."Id", u."AccessFailedCount", u."ConcurrencyStamp", u."Email", u."EmailConfirmed", u."FirstName", u."LastName", u."LockoutEnabled", u."LockoutEnd", u."NormalizedEmail", u."NormalizedUserName", u."PasswordHash", u."PhoneNumber", u."PhoneNumberConfirmed", u."SecurityStamp", u."TwoFactorEnabled", u."UserName"
FROM "Users" AS u
WHERE u."NormalizedEmail" = @__normalizedEmail_0
LIMIT 2
2026-04-27 07:17:29.357 +05:45 [INF] Executed action method sem2week1.Controllers.AuthController.Login (sem2week1), returned result Microsoft.AspNetCore.Mvc.UnauthorizedObjectResult in 91.6737ms.
2026-04-27 07:17:29.358 +05:45 [INF] Executing UnauthorizedObjectResult, writing value of type '<>f__AnonymousType1`1[[System.String, System.Private.CoreLib, Version=8.0.0.0, Culture=neutral, PublicKeyToken=7cec85d7bea7798e]]'.
2026-04-27 07:17:29.358 +05:45 [INF] Executed action sem2week1.Controllers.AuthController.Login (sem2week1) in 94.2223ms
2026-04-27 07:17:29.358 +05:45 [INF] Executed endpoint 'sem2week1.Controllers.AuthController.Login (sem2week1)'
2026-04-27 07:17:29.359 +05:45 [INF] [2026-04-27 01:32:29] POST /api/Auth/login | User:Anonymous | Status:401 | Time:94.69ms
2026-04-27 07:17:29.359 +05:45 [INF] Request finished HTTP/1.1 POST http://localhost:5150/api/Auth/login - 401 null application/json; charset=utf-8 95.4469ms
2026-04-27 07:18:06.949 +05:45 [INF] Request starting HTTP/1.1 POST http://localhost:5150/api/Auth/login - application/json 59
2026-04-27 07:18:06.950 +05:45 [INF] Executing endpoint 'sem2week1.Controllers.AuthController.Login (sem2week1)'
2026-04-27 07:18:06.950 +05:45 [INF] Route matched with {action = "Login", controller = "Auth"}. Executing controller action with signature System.Threading.Tasks.Task`1[Microsoft.AspNetCore.Mvc.IActionResult] Login(sem2week1.DTOS.LoginDto) on controller sem2week1.Controllers.AuthController (sem2week1).
2026-04-27 07:18:06.952 +05:45 [INF] Executing action method sem2week1.Controllers.AuthController.Login (sem2week1) - Validation state: "Valid"
2026-04-27 07:18:06.955 +05:45 [INF] Executed DbCommand (2ms) [Parameters=[@__normalizedEmail_0='?'], CommandType='"Text"', CommandTimeout='30']
SELECT u."Id", u."AccessFailedCount", u."ConcurrencyStamp", u."Email", u."EmailConfirmed", u."FirstName", u."LastName", u."LockoutEnabled", u."LockoutEnd", u."NormalizedEmail", u."NormalizedUserName", u."PasswordHash", u."PhoneNumber", u."PhoneNumberConfirmed", u."SecurityStamp", u."TwoFactorEnabled", u."UserName"
FROM "Users" AS u
WHERE u."NormalizedEmail" = @__normalizedEmail_0
LIMIT 2
2026-04-27 07:18:07.041 +05:45 [INF] Executed action method sem2week1.Controllers.AuthController.Login (sem2week1), returned result Microsoft.AspNetCore.Mvc.UnauthorizedObjectResult in 89.2771ms.
2026-04-27 07:18:07.042 +05:45 [INF] Executing UnauthorizedObjectResult, writing value of type '<>f__AnonymousType1`1[[System.String, System.Private.CoreLib, Version=8.0.0.0, Culture=neutral, PublicKeyToken=7cec85d7bea7798e]]'.
2026-04-27 07:18:07.043 +05:45 [INF] Executed action sem2week1.Controllers.AuthController.Login (sem2week1) in 92.2191ms
2026-04-27 07:18:07.043 +05:45 [INF] Executed endpoint 'sem2week1.Controllers.AuthController.Login (sem2week1)'
2026-04-27 07:18:07.043 +05:45 [INF] [2026-04-27 01:33:06] POST /api/Auth/login | User:Anonymous | Status:401 | Time:93.33ms
2026-04-27 07:18:07.043 +05:45 [INF] Request finished HTTP/1.1 POST http://localhost:5150/api/Auth/login - 401 null application/json; charset=utf-8 93.9647ms
2026-04-27 07:18:17.814 +05:45 [INF] Request starting HTTP/1.1 POST http://localhost:5150/api/Auth/login - application/json 55
2026-04-27 07:18:17.814 +05:45 [INF] Executing endpoint 'sem2week1.Controllers.AuthController.Login (sem2week1)'
2026-04-27 07:18:17.815 +05:45 [INF] Route matched with {action = "Login", controller = "Auth"}. Executing controller action with signature System.Threading.Tasks.Task`1[Microsoft.AspNetCore.Mvc.IActionResult] Login(sem2week1.DTOS.LoginDto) on controller sem2week1.Controllers.AuthController (sem2week1).
2026-04-27 07:18:17.816 +05:45 [INF] Executing action method sem2week1.Controllers.AuthController.Login (sem2week1) - Validation state: "Valid"
2026-04-27 07:18:17.817 +05:45 [INF] Executed DbCommand (1ms) [Parameters=[@__normalizedEmail_0='?'], CommandType='"Text"', CommandTimeout='30']
SELECT u."Id", u."AccessFailedCount", u."ConcurrencyStamp", u."Email", u."EmailConfirmed", u."FirstName", u."LastName", u."LockoutEnabled", u."LockoutEnd", u."NormalizedEmail", u."NormalizedUserName", u."PasswordHash", u."PhoneNumber", u."PhoneNumberConfirmed", u."SecurityStamp", u."TwoFactorEnabled", u."UserName"
FROM "Users" AS u
WHERE u."NormalizedEmail" = @__normalizedEmail_0
LIMIT 2
2026-04-27 07:18:17.891 +05:45 [INF] Executed action method sem2week1.Controllers.AuthController.Login (sem2week1), returned result Microsoft.AspNetCore.Mvc.UnauthorizedObjectResult in 74.9194ms.
2026-04-27 07:18:17.891 +05:45 [INF] Executing UnauthorizedObjectResult, writing value of type '<>f__AnonymousType1`1[[System.String, System.Private.CoreLib, Version=8.0.0.0, Culture=neutral, PublicKeyToken=7cec85d7bea7798e]]'.
2026-04-27 07:18:17.891 +05:45 [INF] Executed action sem2week1.Controllers.AuthController.Login (sem2week1) in 76.4629ms
2026-04-27 07:18:17.891 +05:45 [INF] Executed endpoint 'sem2week1.Controllers.AuthController.Login (sem2week1)'
2026-04-27 07:18:17.891 +05:45 [INF] [2026-04-27 01:33:17] POST /api/Auth/login | User:Anonymous | Status:401 | Time:77.06ms
2026-04-27 07:18:17.892 +05:45 [INF] Request finished HTTP/1.1 POST http://localhost:5150/api/Auth/login - 401 null application/json; charset=utf-8 77.7595ms
2026-04-27 07:18:20.055 +05:45 [INF] Request starting HTTP/1.1 POST http://localhost:5150/api/Auth/login - application/json 55
2026-04-27 07:18:20.056 +05:45 [INF] Executing endpoint 'sem2week1.Controllers.AuthController.Login (sem2week1)'
2026-04-27 07:18:20.056 +05:45 [INF] Route matched with {action = "Login", controller = "Auth"}. Executing controller action with signature System.Threading.Tasks.Task`1[Microsoft.AspNetCore.Mvc.IActionResult] Login(sem2week1.DTOS.LoginDto) on controller sem2week1.Controllers.AuthController (sem2week1).
2026-04-27 07:18:20.057 +05:45 [INF] Executing action method sem2week1.Controllers.AuthController.Login (sem2week1) - Validation state: "Valid"
2026-04-27 07:18:20.059 +05:45 [INF] Executed DbCommand (1ms) [Parameters=[@__normalizedEmail_0='?'], CommandType='"Text"', CommandTimeout='30']
SELECT u."Id", u."AccessFailedCount", u."ConcurrencyStamp", u."Email", u."EmailConfirmed", u."FirstName", u."LastName", u."LockoutEnabled", u."LockoutEnd", u."NormalizedEmail", u."NormalizedUserName", u."PasswordHash", u."PhoneNumber", u."PhoneNumberConfirmed", u."SecurityStamp", u."TwoFactorEnabled", u."UserName"
FROM "Users" AS u
WHERE u."NormalizedEmail" = @__normalizedEmail_0
LIMIT 2
2026-04-27 07:18:20.133 +05:45 [INF] Executed action method sem2week1.Controllers.AuthController.Login (sem2week1), returned result Microsoft.AspNetCore.Mvc.UnauthorizedObjectResult in 76.0716ms.
2026-04-27 07:18:20.133 +05:45 [INF] Executing UnauthorizedObjectResult, writing value of type '<>f__AnonymousType1`1[[System.String, System.Private.CoreLib, Version=8.0.0.0, Culture=neutral, PublicKeyToken=7cec85d7bea7798e]]'.
2026-04-27 07:18:20.134 +05:45 [INF] Executed action sem2week1.Controllers.AuthController.Login (sem2week1) in 77.5401ms
2026-04-27 07:18:20.134 +05:45 [INF] Executed endpoint 'sem2week1.Controllers.AuthController.Login (sem2week1)'
2026-04-27 07:18:20.134 +05:45 [INF] [2026-04-27 01:33:20] POST /api/Auth/login | User:Anonymous | Status:401 | Time:78.38ms
2026-04-27 07:18:20.134 +05:45 [INF] Request finished HTTP/1.1 POST http://localhost:5150/api/Auth/login - 401 null application/json; charset=utf-8 79.085ms
2026-04-27 07:19:10.836 +05:45 [INF] Request starting HTTP/1.1 POST http://localhost:5150/api/Auth/register - application/json 104
2026-04-27 07:19:10.837 +05:45 [INF] Executing endpoint 'sem2week1.Controllers.AuthController.Register (sem2week1)'
2026-04-27 07:19:10.841 +05:45 [INF] Route matched with {action = "Register", controller = "Auth"}. Executing controller action with signature System.Threading.Tasks.Task`1[Microsoft.AspNetCore.Mvc.IActionResult] Register(sem2week1.DTOS.RegisterDto) on controller sem2week1.Controllers.AuthController (sem2week1).
2026-04-27 07:19:10.846 +05:45 [INF] Executing action method sem2week1.Controllers.AuthController.Register (sem2week1) - Validation state: "Valid"
2026-04-27 07:19:10.849 +05:45 [INF] Executed DbCommand (1ms) [Parameters=[@__normalizedEmail_0='?'], CommandType='"Text"', CommandTimeout='30']
SELECT u."Id", u."AccessFailedCount", u."ConcurrencyStamp", u."Email", u."EmailConfirmed", u."FirstName", u."LastName", u."LockoutEnabled", u."LockoutEnd", u."NormalizedEmail", u."NormalizedUserName", u."PasswordHash", u."PhoneNumber", u."PhoneNumberConfirmed", u."SecurityStamp", u."TwoFactorEnabled", u."UserName"
FROM "Users" AS u
WHERE u."NormalizedEmail" = @__normalizedEmail_0
LIMIT 2
2026-04-27 07:19:10.858 +05:45 [INF] Executed action method sem2week1.Controllers.AuthController.Register (sem2week1), returned result Microsoft.AspNetCore.Mvc.BadRequestObjectResult in 12.5434ms.
2026-04-27 07:19:10.859 +05:45 [INF] Executing BadRequestObjectResult, writing value of type '<>f__AnonymousType1`1[[System.String, System.Private.CoreLib, Version=8.0.0.0, Culture=neutral, PublicKeyToken=7cec85d7bea7798e]]'.
2026-04-27 07:19:10.859 +05:45 [INF] Executed action sem2week1.Controllers.AuthController.Register (sem2week1) in 17.332ms
2026-04-27 07:19:10.859 +05:45 [INF] Executed endpoint 'sem2week1.Controllers.AuthController.Register (sem2week1)'
2026-04-27 07:19:10.859 +05:45 [INF] [2026-04-27 01:34:10] POST /api/Auth/register | User:Anonymous | Status:400 | Time:21.95ms
2026-04-27 07:19:10.859 +05:45 [INF] Request finished HTTP/1.1 POST http://localhost:5150/api/Auth/register - 400 null application/json; charset=utf-8 22.6456ms
2026-04-27 07:19:13.391 +05:45 [INF] Request starting HTTP/1.1 POST http://localhost:5150/api/Auth/register - application/json 104
2026-04-27 07:19:13.391 +05:45 [INF] Executing endpoint 'sem2week1.Controllers.AuthController.Register (sem2week1)'
2026-04-27 07:19:13.392 +05:45 [INF] Route matched with {action = "Register", controller = "Auth"}. Executing controller action with signature System.Threading.Tasks.Task`1[Microsoft.AspNetCore.Mvc.IActionResult] Register(sem2week1.DTOS.RegisterDto) on controller sem2week1.Controllers.AuthController (sem2week1).
2026-04-27 07:19:13.392 +05:45 [INF] Executing action method sem2week1.Controllers.AuthController.Register (sem2week1) - Validation state: "Valid"
2026-04-27 07:19:13.394 +05:45 [INF] Executed DbCommand (1ms) [Parameters=[@__normalizedEmail_0='?'], CommandType='"Text"', CommandTimeout='30']
SELECT u."Id", u."AccessFailedCount", u."ConcurrencyStamp", u."Email", u."EmailConfirmed", u."FirstName", u."LastName", u."LockoutEnabled", u."LockoutEnd", u."NormalizedEmail", u."NormalizedUserName", u."PasswordHash", u."PhoneNumber", u."PhoneNumberConfirmed", u."SecurityStamp", u."TwoFactorEnabled", u."UserName"
FROM "Users" AS u
WHERE u."NormalizedEmail" = @__normalizedEmail_0
LIMIT 2
2026-04-27 07:19:13.395 +05:45 [INF] Executed action method sem2week1.Controllers.AuthController.Register (sem2week1), returned result Microsoft.AspNetCore.Mvc.BadRequestObjectResult in 2.4804ms.
2026-04-27 07:19:13.395 +05:45 [INF] Executing BadRequestObjectResult, writing value of type '<>f__AnonymousType1`1[[System.String, System.Private.CoreLib, Version=8.0.0.0, Culture=neutral, PublicKeyToken=7cec85d7bea7798e]]'.
2026-04-27 07:19:13.396 +05:45 [INF] Executed action sem2week1.Controllers.AuthController.Register (sem2week1) in 3.9146ms
2026-04-27 07:19:13.396 +05:45 [INF] Executed endpoint 'sem2week1.Controllers.AuthController.Register (sem2week1)'
2026-04-27 07:19:13.396 +05:45 [INF] [2026-04-27 01:34:13] POST /api/Auth/register | User:Anonymous | Status:400 | Time:4.65ms
2026-04-27 07:19:13.396 +05:45 [INF] Request finished HTTP/1.1 POST http://localhost:5150/api/Auth/register - 400 null application/json; charset=utf-8 5.5006ms
2026-04-27 07:19:23.642 +05:45 [INF] Request starting HTTP/1.1 POST http://localhost:5150/api/Auth/register - application/json 108
2026-04-27 07:19:23.643 +05:45 [INF] Executing endpoint 'sem2week1.Controllers.AuthController.Register (sem2week1)'
2026-04-27 07:19:23.643 +05:45 [INF] Route matched with {action = "Register", controller = "Auth"}. Executing controller action with signature System.Threading.Tasks.Task`1[Microsoft.AspNetCore.Mvc.IActionResult] Register(sem2week1.DTOS.RegisterDto) on controller sem2week1.Controllers.AuthController (sem2week1).
2026-04-27 07:19:23.644 +05:45 [INF] Executing action method sem2week1.Controllers.AuthController.Register (sem2week1) - Validation state: "Valid"
2026-04-27 07:19:23.646 +05:45 [INF] Executed DbCommand (1ms) [Parameters=[@__normalizedEmail_0='?'], CommandType='"Text"', CommandTimeout='30']
SELECT u."Id", u."AccessFailedCount", u."ConcurrencyStamp", u."Email", u."EmailConfirmed", u."FirstName", u."LastName", u."LockoutEnabled", u."LockoutEnd", u."NormalizedEmail", u."NormalizedUserName", u."PasswordHash", u."PhoneNumber", u."PhoneNumberConfirmed", u."SecurityStamp", u."TwoFactorEnabled", u."UserName"
FROM "Users" AS u
WHERE u."NormalizedEmail" = @__normalizedEmail_0
LIMIT 2
2026-04-27 07:19:23.745 +05:45 [INF] Executed DbCommand (1ms) [Parameters=[@__normalizedUserName_0='?'], CommandType='"Text"', CommandTimeout='30']
SELECT u."Id", u."AccessFailedCount", u."ConcurrencyStamp", u."Email", u."EmailConfirmed", u."FirstName", u."LastName", u."LockoutEnabled", u."LockoutEnd", u."NormalizedEmail", u."NormalizedUserName", u."PasswordHash", u."PhoneNumber", u."PhoneNumberConfirmed", u."SecurityStamp", u."TwoFactorEnabled", u."UserName"
FROM "Users" AS u
WHERE u."NormalizedUserName" = @__normalizedUserName_0
LIMIT 1
2026-04-27 07:19:23.848 +05:45 [INF] Executed DbCommand (8ms) [Parameters=[@p0='?', @p1='?' (DbType = Int32), @p2='?', @p3='?', @p4='?' (DbType = Boolean), @p5='?', @p6='?', @p7='?' (DbType = Boolean), @p8='?' (DbType = DateTime), @p9='?', @p10='?', @p11='?', @p12='?', @p13='?' (DbType = Boolean), @p14='?', @p15='?' (DbType = Boolean), @p16='?'], CommandType='"Text"', CommandTimeout='30']
INSERT INTO "Users" ("Id", "AccessFailedCount", "ConcurrencyStamp", "Email", "EmailConfirmed", "FirstName", "LastName", "LockoutEnabled", "LockoutEnd", "NormalizedEmail", "NormalizedUserName", "PasswordHash", "PhoneNumber", "PhoneNumberConfirmed", "SecurityStamp", "TwoFactorEnabled", "UserName")
VALUES (@p0, @p1, @p2, @p3, @p4, @p5, @p6, @p7, @p8, @p9, @p10, @p11, @p12, @p13, @p14, @p15, @p16);
2026-04-27 07:19:23.861 +05:45 [INF] Executed action method sem2week1.Controllers.AuthController.Register (sem2week1), returned result Microsoft.AspNetCore.Mvc.OkObjectResult in 216.5077ms.
2026-04-27 07:19:23.861 +05:45 [INF] Executing OkObjectResult, writing value of type '<>f__AnonymousType0`2[[System.String, System.Private.CoreLib, Version=8.0.0.0, Culture=neutral, PublicKeyToken=7cec85d7bea7798e],[System.String, System.Private.CoreLib, Version=8.0.0.0, Culture=neutral, PublicKeyToken=7cec85d7bea7798e]]'.
2026-04-27 07:19:23.864 +05:45 [INF] Executed action sem2week1.Controllers.AuthController.Register (sem2week1) in 220.7021ms
2026-04-27 07:19:23.864 +05:45 [INF] Executed endpoint 'sem2week1.Controllers.AuthController.Register (sem2week1)'
2026-04-27 07:19:23.864 +05:45 [INF] [2026-04-27 01:34:23] POST /api/Auth/register | User:Anonymous | Status:200 | Time:221.64ms
2026-04-27 07:19:23.864 +05:45 [INF] Request finished HTTP/1.1 POST http://localhost:5150/api/Auth/register - 200 null application/json; charset=utf-8 222.2638ms
2026-04-27 07:19:37.031 +05:45 [INF] Request starting HTTP/1.1 POST http://localhost:5150/api/Auth/login - application/json 59
2026-04-27 07:19:37.031 +05:45 [INF] Executing endpoint 'sem2week1.Controllers.AuthController.Login (sem2week1)'
2026-04-27 07:19:37.032 +05:45 [INF] Route matched with {action = "Login", controller = "Auth"}. Executing controller action with signature System.Threading.Tasks.Task`1[Microsoft.AspNetCore.Mvc.IActionResult] Login(sem2week1.DTOS.LoginDto) on controller sem2week1.Controllers.AuthController (sem2week1).
2026-04-27 07:19:37.033 +05:45 [INF] Executing action method sem2week1.Controllers.AuthController.Login (sem2week1) - Validation state: "Valid"
2026-04-27 07:19:37.035 +05:45 [INF] Executed DbCommand (1ms) [Parameters=[@__normalizedEmail_0='?'], CommandType='"Text"', CommandTimeout='30']
SELECT u."Id", u."AccessFailedCount", u."ConcurrencyStamp", u."Email", u."EmailConfirmed", u."FirstName", u."LastName", u."LockoutEnabled", u."LockoutEnd", u."NormalizedEmail", u."NormalizedUserName", u."PasswordHash", u."PhoneNumber", u."PhoneNumberConfirmed", u."SecurityStamp", u."TwoFactorEnabled", u."UserName"
FROM "Users" AS u
WHERE u."NormalizedEmail" = @__normalizedEmail_0
LIMIT 2
2026-04-27 07:19:37.166 +05:45 [INF] Executed DbCommand (3ms) [Parameters=[@__user_Id_0='?'], CommandType='"Text"', CommandTimeout='30']
SELECT a."Id", a."ClaimType", a."ClaimValue", a."UserId"
FROM "AspNetUserClaims" AS a
WHERE a."UserId" = @__user_Id_0
2026-04-27 07:19:37.196 +05:45 [INF] Executed DbCommand (3ms) [Parameters=[@__userId_0='?'], CommandType='"Text"', CommandTimeout='30']
SELECT r."Name"
FROM "AspNetUserRoles" AS a
INNER JOIN "Roles" AS r ON a."RoleId" = r."Id"
WHERE a."UserId" = @__userId_0
2026-04-27 07:19:37.208 +05:45 [INF] AuthenticationScheme: Identity.Application signed in.
2026-04-27 07:19:37.212 +05:45 [INF] Executed DbCommand (1ms) [Parameters=[@__userId_0='?'], CommandType='"Text"', CommandTimeout='30']
SELECT r."Name"
FROM "AspNetUserRoles" AS a
INNER JOIN "Roles" AS r ON a."RoleId" = r."Id"
WHERE a."UserId" = @__userId_0
2026-04-27 07:19:37.234 +05:45 [INF] Executed action method sem2week1.Controllers.AuthController.Login (sem2week1), returned result Microsoft.AspNetCore.Mvc.OkObjectResult in 201.7556ms.
2026-04-27 07:19:37.235 +05:45 [INF] Executing OkObjectResult, writing value of type 'sem2week1.DTOS.Response.LoginResponse'.
2026-04-27 07:19:37.239 +05:45 [INF] Executed action sem2week1.Controllers.AuthController.Login (sem2week1) in 207.6474ms
2026-04-27 07:19:37.239 +05:45 [INF] Executed endpoint 'sem2week1.Controllers.AuthController.Login (sem2week1)'
2026-04-27 07:19:37.240 +05:45 [INF] [2026-04-27 01:34:37] POST /api/Auth/login | User:Anonymous | Status:200 | Time:208.22ms
2026-04-27 07:19:37.240 +05:45 [INF] Request finished HTTP/1.1 POST http://localhost:5150/api/Auth/login - 200 null application/json; charset=utf-8 208.9991ms
2026-04-27 07:20:22.563 +05:45 [INF] Request starting HTTP/1.1 GET http://localhost:5150/api/Course - null null
2026-04-27 07:20:22.570 +05:45 [INF] Authorization failed. These requirements were not met:
DenyAnonymousAuthorizationRequirement: Requires an authenticated user.
2026-04-27 07:20:22.573 +05:45 [INF] AuthenticationScheme: Bearer was challenged.
2026-04-27 07:20:22.574 +05:45 [INF] [2026-04-27 01:35:22] GET /api/Course | User:Anonymous | Status:401 | Time:9.53ms
2026-04-27 07:20:22.574 +05:45 [INF] Request finished HTTP/1.1 GET http://localhost:5150/api/Course - 401 0 null 10.5154ms
2026-04-27 07:21:49.463 +05:45 [INF] Request starting HTTP/1.1 GET http://localhost:5150/api/Instructor - null null
2026-04-27 07:21:49.463 +05:45 [INF] Executing endpoint 'sem2week1.Controllers.InstructorController.GetAllInstructors (sem2week1)'
2026-04-27 07:21:49.468 +05:45 [INF] Route matched with {action = "GetAllInstructors", controller = "Instructor"}. Executing controller action with signature System.Threading.Tasks.Task`1[Microsoft.AspNetCore.Mvc.IActionResult] GetAllInstructors() on controller sem2week1.Controllers.InstructorController (sem2week1).
2026-04-27 07:21:49.469 +05:45 [INF] Executing action method sem2week1.Controllers.InstructorController.GetAllInstructors (sem2week1) - Validation state: "Valid"
2026-04-27 07:21:49.611 +05:45 [INF] Executed DbCommand (1ms) [Parameters=[], CommandType='"Text"', CommandTimeout='30']
SELECT i."Id", i."Email", i."FirstName", i."HireDate", i."LastName"
FROM "Instructors" AS i
2026-04-27 07:21:49.629 +05:45 [INF] Executed action method sem2week1.Controllers.InstructorController.GetAllInstructors (sem2week1), returned result Microsoft.AspNetCore.Mvc.OkObjectResult in 159.5118ms.
2026-04-27 07:21:49.629 +05:45 [INF] Executing OkObjectResult, writing value of type 'System.Collections.Generic.List`1[[sem2week1.Database.Entities.Instructor, sem2week1, Version=1.0.0.0, Culture=neutral, PublicKeyToken=null]]'.
2026-04-27 07:21:49.646 +05:45 [INF] Executed action sem2week1.Controllers.InstructorController.GetAllInstructors (sem2week1) in 178.5539ms
2026-04-27 07:21:49.647 +05:45 [INF] Executed endpoint 'sem2week1.Controllers.InstructorController.GetAllInstructors (sem2week1)'
2026-04-27 07:21:49.647 +05:45 [INF] [2026-04-27 01:36:49] GET /api/Instructor | User:Anonymous | Status:200 | Time:183.63ms
2026-04-27 07:21:49.647 +05:45 [INF] Request finished HTTP/1.1 GET http://localhost:5150/api/Instructor - 200 null application/json; charset=utf-8 184.2537ms
2026-04-27 07:21:58.634 +05:45 [INF] Request starting HTTP/1.1 GET http://localhost:5150/api/Course - null null
2026-04-27 07:21:58.637 +05:45 [INF] Authorization failed. These requirements were not met:
DenyAnonymousAuthorizationRequirement: Requires an authenticated user.
2026-04-27 07:21:58.638 +05:45 [INF] AuthenticationScheme: Bearer was challenged.
2026-04-27 07:21:58.638 +05:45 [INF] [2026-04-27 01:36:58] GET /api/Course | User:Anonymous | Status:401 | Time:2.53ms
2026-04-27 07:21:58.638 +05:45 [INF] Request finished HTTP/1.1 GET http://localhost:5150/api/Course - 401 0 null 3.6535ms
2026-04-27 07:26:15.629 +05:45 [INF] Application is shutting down...
eters=[], CommandType='"Text"', CommandTimeout='30']
SELECT EXISTS (
    SELECT 1 FROM pg_catalog.pg_class c
    JOIN pg_catalog.pg_namespace n ON n.oid=c.relnamespace
    WHERE n.nspname='public' AND
          c.relname='__EFMigrationsHistory'
)
2026-04-27 07:22:47.270 +05:45 [INF] Executed DbCommand (3ms) [Parameters=[], CommandType='"Text"', CommandTimeout='30']
SELECT "MigrationId", "ProductVersion"
FROM "__EFMigrationsHistory"
ORDER BY "MigrationId";
2026-04-27 07:22:47.293 +05:45 [INF] Executed DbCommand (1ms) [Parameters=[], CommandType='"Text"', CommandTimeout='30']
SELECT EXISTS (
    SELECT 1 FROM pg_catalog.pg_class c
    JOIN pg_catalog.pg_namespace n ON n.oid=c.relnamespace
    WHERE n.nspname='public' AND
          c.relname='__EFMigrationsHistory'
)
2026-04-27 07:22:47.309 +05:45 [INF] Executed DbCommand (1ms) [Parameters=[], CommandType='"Text"', CommandTimeout='30']
SELECT EXISTS (
    SELECT 1 FROM pg_catalog.pg_class c
    JOIN pg_catalog.pg_namespace n ON n.oid=c.relnamespace
    WHERE n.nspname='public' AND
          c.relname='__EFMigrationsHistory'
)
2026-04-27 07:22:47.310 +05:45 [INF] Executed DbCommand (1ms) [Parameters=[], CommandType='"Text"', CommandTimeout='30']
SELECT "MigrationId", "ProductVersion"
FROM "__EFMigrationsHistory"
ORDER BY "MigrationId";
2026-04-27 07:22:47.326 +05:45 [INF] Applying migration '20260427013731_AddAddressToStudent'.
2026-04-27 07:22:47.405 +05:45 [INF] Executed DbCommand (7ms) [Parameters=[], CommandType='"Text"', CommandTimeout='30']
DELETE FROM "Roles"
WHERE "Id" = '0685625e-c498-4097-b6b3-9162715c0712';
2026-04-27 07:22:47.407 +05:45 [INF] Executed DbCommand (1ms) [Parameters=[], CommandType='"Text"', CommandTimeout='30']
DELETE FROM "Roles"
WHERE "Id" = '39ea0a6d-b66e-4e80-8da7-99204912d51a';
2026-04-27 07:22:47.408 +05:45 [INF] Executed DbCommand (1ms) [Parameters=[], CommandType='"Text"', CommandTimeout='30']
DELETE FROM "Roles"
WHERE "Id" = '4fa0ab1b-08c1-4fb6-ae52-0fd090782cf8';
2026-04-27 07:22:47.414 +05:45 [INF] Executed DbCommand (7ms) [Parameters=[], CommandType='"Text"', CommandTimeout='30']
ALTER TABLE "Students" ADD "Address" character varying(200) NOT NULL DEFAULT '';
2026-04-27 07:22:47.419 +05:45 [INF] Executed DbCommand (4ms) [Parameters=[], CommandType='"Text"', CommandTimeout='30']
INSERT INTO "Roles" ("Id", "ConcurrencyStamp", "Name", "NormalizedName")
VALUES ('2b8e206c-3db5-4636-9c9b-1063101a8bc4', 'd29a0197-3226-4b73-b9d9-3867d8863b4a', 'Student', 'STUDENT');
INSERT INTO "Roles" ("Id", "ConcurrencyStamp", "Name", "NormalizedName")
VALUES ('478a7f86-a632-4212-a303-814b1e622f9c', 'cdf3fdbe-43f5-418a-8d0d-852bd66c8eef', 'Admin', 'ADMIN');
INSERT INTO "Roles" ("Id", "ConcurrencyStamp", "Name", "NormalizedName")
VALUES ('7d313939-dee6-4a0e-91d3-f348a3bb09e9', '5de64264-5b7b-4c75-9914-0542814c55be', 'Instructor', 'INSTRUCTOR');
2026-04-27 07:22:47.420 +05:45 [INF] Executed DbCommand (0ms) [Parameters=[], CommandType='"Text"', CommandTimeout='30']
INSERT INTO "__EFMigrationsHistory" ("MigrationId", "ProductVersion")
VALUES ('20260427013731_AddAddressToStudent', '8.0.25');
2026-04-27 07:26:17.548 +05:45 [INF] User profile is available. Using '/home/susant/.aspnet/DataProtection-Keys' as key repository; keys will not be encrypted at rest.
2026-04-27 07:26:17.728 +05:45 [INF] Now listening on: http://localhost:5150
2026-04-27 07:26:17.732 +05:45 [INF] Application started. Press Ctrl+C to shut down.
2026-04-27 07:26:17.733 +05:45 [INF] Hosting environment: Development
2026-04-27 07:26:17.733 +05:45 [INF] Content root path: /home/susant/RiderProjects/sem2week1
2026-04-27 07:26:18.205 +05:45 [INF] Request starting HTTP/1.1 GET http://localhost:5150/swagger/index.html - null null
2026-04-27 07:26:18.290 +05:45 [INF] Request finished HTTP/1.1 GET http://localhost:5150/swagger/index.html - 200 null text/html;charset=utf-8 86.0258ms
2026-04-27 07:26:18.514 +05:45 [INF] Request starting HTTP/1.1 GET http://localhost:5150/swagger/v1/swagger.json - null null
2026-04-27 07:26:18.626 +05:45 [INF] Request finished HTTP/1.1 GET http://localhost:5150/swagger/v1/swagger.json - 200 null application/json;charset=utf-8 113.0479ms
2026-04-27 07:28:14.891 +05:45 [INF] Request starting HTTP/1.1 GET http://localhost:5150/weatherforecast/ - null null
2026-04-27 07:28:14.895 +05:45 [WRN] Failed to determine the https port for redirect.
2026-04-27 07:28:14.919 +05:45 [INF] Executing endpoint 'HTTP: GET /weatherforecast'
2026-04-27 07:28:14.924 +05:45 [INF] Executed endpoint 'HTTP: GET /weatherforecast'
2026-04-27 07:28:14.925 +05:45 [INF] [2026-04-27 01:43:14] GET /weatherforecast/ | User:Anonymous | Status:200 | Time:7.56ms
2026-04-27 07:28:14.925 +05:45 [INF] Request finished HTTP/1.1 GET http://localhost:5150/weatherforecast/ - 200 null application/json; charset=utf-8 34.2145ms
2026-04-27 07:29:35.768 +05:45 [INF] Request starting HTTP/1.1 POST http://localhost:5150/api/Student/add - application/json 168
2026-04-27 07:29:35.771 +05:45 [INF] Executing endpoint 'sem2week1.Controllers.StudentController.AddStudent (sem2week1)'
2026-04-27 07:29:35.792 +05:45 [INF] Route matched with {action = "AddStudent", controller = "Student"}. Executing controller action with signature System.Threading.Tasks.Task`1[Microsoft.AspNetCore.Mvc.IActionResult] AddStudent(sem2week1.Database.Entities.Student) on controller sem2week1.Controllers.StudentController (sem2week1).
2026-04-27 07:29:35.942 +05:45 [INF] Executing action method sem2week1.Controllers.StudentController.AddStudent (sem2week1) - Validation state: "Valid"
2026-04-27 07:29:37.217 +05:45 [ERR] Failed executing DbCommand (62ms) [Parameters=[@p0='?' (DbType = Int32), @p1='?', @p2='?' (DbType = DateTime), @p3='?', @p4='?', @p5='?', @p6='?'], CommandType='"Text"', CommandTimeout='30']
INSERT INTO "Students" ("Id", "Address", "DateOfBirth", "Email", "FirstName", "LastName", "Phone")
VALUES (@p0, @p1, @p2, @p3, @p4, @p5, @p6);
2026-04-27 07:29:37.251 +05:45 [ERR] An exception occurred in the database while saving changes for context type 'sem2week1.Database.AppDbContext'.
Microsoft.EntityFrameworkCore.DbUpdateException: An error occurred while saving the entity changes. See the inner exception for details.
 ---> System.ArgumentException: Cannot write DateTime with Kind=Unspecified to PostgreSQL type 'timestamp with time zone', only UTC is supported. Note that it's not possible to mix DateTimes with different Kinds in an array, range, or multirange. (Parameter 'value')
   at Npgsql.Internal.Converters.DateTimeConverterResolver`1.Get(DateTime value, Nullable`1 expectedPgTypeId, Boolean validateOnly)
   at Npgsql.Internal.Converters.DateTimeConverterResolver.<>c.<CreateResolver>b__0_0(DateTimeConverterResolver`1 resolver, DateTime value, Nullable`1 expectedPgTypeId)
   at Npgsql.Internal.Converters.DateTimeConverterResolver`1.Get(T value, Nullable`1 expectedPgTypeId)
   at Npgsql.Internal.PgConverterResolver`1.GetAsObjectInternal(PgTypeInfo typeInfo, Object value, Nullable`1 expectedPgTypeId)
   at Npgsql.Internal.PgResolverTypeInfo.GetResolutionAsObject(Object value, Nullable`1 expectedPgTypeId)
   at Npgsql.Internal.PgTypeInfo.GetObjectResolution(Object value)
   at Npgsql.NpgsqlParameter.ResolveConverter(PgTypeInfo typeInfo)
   at Npgsql.NpgsqlParameter.ResolveTypeInfo(PgSerializerOptions options)
   at Npgsql.NpgsqlParameterCollection.ProcessParameters(PgSerializerOptions options, Boolean validateValues, CommandType commandType)
   at Npgsql.NpgsqlCommand.ExecuteReader(Boolean async, CommandBehavior behavior, CancellationToken cancellationToken)
   at Npgsql.NpgsqlCommand.ExecuteReader(Boolean async, CommandBehavior behavior, CancellationToken cancellationToken)
   at Npgsql.NpgsqlCommand.ExecuteDbDataReaderAsync(CommandBehavior behavior, CancellationToken cancellationToken)
   at Microsoft.EntityFrameworkCore.Storage.RelationalCommand.ExecuteReaderAsync(RelationalCommandParameterObject parameterObject, CancellationToken cancellationToken)
   at Microsoft.EntityFrameworkCore.Storage.RelationalCommand.ExecuteReaderAsync(RelationalCommandParameterObject parameterObject, CancellationToken cancellationToken)
   at Microsoft.EntityFrameworkCore.Update.ReaderModificationCommandBatch.ExecuteAsync(IRelationalConnection connection, CancellationToken cancellationToken)
   --- End of inner exception stack trace ---
   at Microsoft.EntityFrameworkCore.Update.ReaderModificationCommandBatch.ExecuteAsync(IRelationalConnection connection, CancellationToken cancellationToken)
   at Microsoft.EntityFrameworkCore.Update.Internal.BatchExecutor.ExecuteAsync(IEnumerable`1 commandBatches, IRelationalConnection connection, CancellationToken cancellationToken)
   at Microsoft.EntityFrameworkCore.Update.Internal.BatchExecutor.ExecuteAsync(IEnumerable`1 commandBatches, IRelationalConnection connection, CancellationToken cancellationToken)
   at Microsoft.EntityFrameworkCore.Update.Internal.BatchExecutor.ExecuteAsync(IEnumerable`1 commandBatches, IRelationalConnection connection, CancellationToken cancellationToken)
   at Microsoft.EntityFrameworkCore.ChangeTracking.Internal.StateManager.SaveChangesAsync(IList`1 entriesToSave, CancellationToken cancellationToken)
   at Microsoft.EntityFrameworkCore.ChangeTracking.Internal.StateManager.SaveChangesAsync(StateManager stateManager, Boolean acceptAllChangesOnSuccess, CancellationToken cancellationToken)
   at Npgsql.EntityFrameworkCore.PostgreSQL.Storage.Internal.NpgsqlExecutionStrategy.ExecuteAsync[TState,TResult](TState state, Func`4 operation, Func`4 verifySucceeded, CancellationToken cancellationToken)
   at Microsoft.EntityFrameworkCore.DbContext.SaveChangesAsync(Boolean acceptAllChangesOnSuccess, CancellationToken cancellationToken)
Microsoft.EntityFrameworkCore.DbUpdateException: An error occurred while saving the entity changes. See the inner exception for details.
 ---> System.ArgumentException: Cannot write DateTime with Kind=Unspecified to PostgreSQL type 'timestamp with time zone', only UTC is supported. Note that it's not possible to mix DateTimes with different Kinds in an array, range, or multirange. (Parameter 'value')
   at Npgsql.Internal.Converters.DateTimeConverterResolver`1.Get(DateTime value, Nullable`1 expectedPgTypeId, Boolean validateOnly)
   at Npgsql.Internal.Converters.DateTimeConverterResolver.<>c.<CreateResolver>b__0_0(DateTimeConverterResolver`1 resolver, DateTime value, Nullable`1 expectedPgTypeId)
   at Npgsql.Internal.Converters.DateTimeConverterResolver`1.Get(T value, Nullable`1 expectedPgTypeId)
   at Npgsql.Internal.PgConverterResolver`1.GetAsObjectInternal(PgTypeInfo typeInfo, Object value, Nullable`1 expectedPgTypeId)
   at Npgsql.Internal.PgResolverTypeInfo.GetResolutionAsObject(Object value, Nullable`1 expectedPgTypeId)
   at Npgsql.Internal.PgTypeInfo.GetObjectResolution(Object value)
   at Npgsql.NpgsqlParameter.ResolveConverter(PgTypeInfo typeInfo)
   at Npgsql.NpgsqlParameter.ResolveTypeInfo(PgSerializerOptions options)
   at Npgsql.NpgsqlParameterCollection.ProcessParameters(PgSerializerOptions options, Boolean validateValues, CommandType commandType)
   at Npgsql.NpgsqlCommand.ExecuteReader(Boolean async, CommandBehavior behavior, CancellationToken cancellationToken)
   at Npgsql.NpgsqlCommand.ExecuteReader(Boolean async, CommandBehavior behavior, CancellationToken cancellationToken)
   at Npgsql.NpgsqlCommand.ExecuteDbDataReaderAsync(CommandBehavior behavior, CancellationToken cancellationToken)
   at Microsoft.EntityFrameworkCore.Storage.RelationalCommand.ExecuteReaderAsync(RelationalCommandParameterObject parameterObject, CancellationToken cancellationToken)
   at Microsoft.EntityFrameworkCore.Storage.RelationalCommand.ExecuteReaderAsync(RelationalCommandParameterObject parameterObject, CancellationToken cancellationToken)
   at Microsoft.EntityFrameworkCore.Update.ReaderModificationCommandBatch.ExecuteAsync(IRelationalConnection connection, CancellationToken cancellationToken)
   --- End of inner exception stack trace ---
   at Microsoft.EntityFrameworkCore.Update.ReaderModificationCommandBatch.ExecuteAsync(IRelationalConnection connection, CancellationToken cancellationToken)
   at Microsoft.EntityFrameworkCore.Update.Internal.BatchExecutor.ExecuteAsync(IEnumerable`1 commandBatches, IRelationalConnection connection, CancellationToken cancellationToken)
   at Microsoft.EntityFrameworkCore.Update.Internal.BatchExecutor.ExecuteAsync(IEnumerable`1 commandBatches, IRelationalConnection connection, CancellationToken cancellationToken)
   at Microsoft.EntityFrameworkCore.Update.Internal.BatchExecutor.ExecuteAsync(IEnumerable`1 commandBatches, IRelationalConnection connection, CancellationToken cancellationToken)
   at Microsoft.EntityFrameworkCore.ChangeTracking.Internal.StateManager.SaveChangesAsync(IList`1 entriesToSave, CancellationToken cancellationToken)
   at Microsoft.EntityFrameworkCore.ChangeTracking.Internal.StateManager.SaveChangesAsync(StateManager stateManager, Boolean acceptAllChangesOnSuccess, CancellationToken cancellationToken)
   at Npgsql.EntityFrameworkCore.PostgreSQL.Storage.Internal.NpgsqlExecutionStrategy.ExecuteAsync[TState,TResult](TState state, Func`4 operation, Func`4 verifySucceeded, CancellationToken cancellationToken)
   at Microsoft.EntityFrameworkCore.DbContext.SaveChangesAsync(Boolean acceptAllChangesOnSuccess, CancellationToken cancellationToken)
2026-04-27 07:29:37.267 +05:45 [INF] Executed action sem2week1.Controllers.StudentController.AddStudent (sem2week1) in 1468.9247ms
2026-04-27 07:29:37.268 +05:45 [INF] Executed endpoint 'sem2week1.Controllers.StudentController.AddStudent (sem2week1)'
2026-04-27 07:29:37.276 +05:45 [ERR] An unhandled exception has occurred while executing the request.
Microsoft.EntityFrameworkCore.DbUpdateException: An error occurred while saving the entity changes. See the inner exception for details.
 ---> System.ArgumentException: Cannot write DateTime with Kind=Unspecified to PostgreSQL type 'timestamp with time zone', only UTC is supported. Note that it's not possible to mix DateTimes with different Kinds in an array, range, or multirange. (Parameter 'value')
   at Npgsql.Internal.Converters.DateTimeConverterResolver`1.Get(DateTime value, Nullable`1 expectedPgTypeId, Boolean validateOnly)
   at Npgsql.Internal.Converters.DateTimeConverterResolver.<>c.<CreateResolver>b__0_0(DateTimeConverterResolver`1 resolver, DateTime value, Nullable`1 expectedPgTypeId)
   at Npgsql.Internal.Converters.DateTimeConverterResolver`1.Get(T value, Nullable`1 expectedPgTypeId)
   at Npgsql.Internal.PgConverterResolver`1.GetAsObjectInternal(PgTypeInfo typeInfo, Object value, Nullable`1 expectedPgTypeId)
   at Npgsql.Internal.PgResolverTypeInfo.GetResolutionAsObject(Object value, Nullable`1 expectedPgTypeId)
   at Npgsql.Internal.PgTypeInfo.GetObjectResolution(Object value)
   at Npgsql.NpgsqlParameter.ResolveConverter(PgTypeInfo typeInfo)
   at Npgsql.NpgsqlParameter.ResolveTypeInfo(PgSerializerOptions options)
   at Npgsql.NpgsqlParameterCollection.ProcessParameters(PgSerializerOptions options, Boolean validateValues, CommandType commandType)
   at Npgsql.NpgsqlCommand.ExecuteReader(Boolean async, CommandBehavior behavior, CancellationToken cancellationToken)
   at Npgsql.NpgsqlCommand.ExecuteReader(Boolean async, CommandBehavior behavior, CancellationToken cancellationToken)
   at Npgsql.NpgsqlCommand.ExecuteDbDataReaderAsync(CommandBehavior behavior, CancellationToken cancellationToken)
   at Microsoft.EntityFrameworkCore.Storage.RelationalCommand.ExecuteReaderAsync(RelationalCommandParameterObject parameterObject, CancellationToken cancellationToken)
   at Microsoft.EntityFrameworkCore.Storage.RelationalCommand.ExecuteReaderAsync(RelationalCommandParameterObject parameterObject, CancellationToken cancellationToken)
   at Microsoft.EntityFrameworkCore.Update.ReaderModificationCommandBatch.ExecuteAsync(IRelationalConnection connection, CancellationToken cancellationToken)
   --- End of inner exception stack trace ---
   at Microsoft.EntityFrameworkCore.Update.ReaderModificationCommandBatch.ExecuteAsync(IRelationalConnection connection, CancellationToken cancellationToken)
   at Microsoft.EntityFrameworkCore.Update.Internal.BatchExecutor.ExecuteAsync(IEnumerable`1 commandBatches, IRelationalConnection connection, CancellationToken cancellationToken)
   at Microsoft.EntityFrameworkCore.Update.Internal.BatchExecutor.ExecuteAsync(IEnumerable`1 commandBatches, IRelationalConnection connection, CancellationToken cancellationToken)
   at Microsoft.EntityFrameworkCore.Update.Internal.BatchExecutor.ExecuteAsync(IEnumerable`1 commandBatches, IRelationalConnection connection, CancellationToken cancellationToken)
   at Microsoft.EntityFrameworkCore.ChangeTracking.Internal.StateManager.SaveChangesAsync(IList`1 entriesToSave, CancellationToken cancellationToken)
   at Microsoft.EntityFrameworkCore.ChangeTracking.Internal.StateManager.SaveChangesAsync(StateManager stateManager, Boolean acceptAllChangesOnSuccess, CancellationToken cancellationToken)
   at Npgsql.EntityFrameworkCore.PostgreSQL.Storage.Internal.NpgsqlExecutionStrategy.ExecuteAsync[TState,TResult](TState state, Func`4 operation, Func`4 verifySucceeded, CancellationToken cancellationToken)
   at Microsoft.EntityFrameworkCore.DbContext.SaveChangesAsync(Boolean acceptAllChangesOnSuccess, CancellationToken cancellationToken)
   at Microsoft.EntityFrameworkCore.DbContext.SaveChangesAsync(Boolean acceptAllChangesOnSuccess, CancellationToken cancellationToken)
   at sem2week1.Controllers.StudentController.AddStudent(Student student) in /home/susant/RiderProjects/sem2week1/Controllers/StudentController.cs:line 43
   at Microsoft.AspNetCore.Mvc.Infrastructure.ActionMethodExecutor.TaskOfIActionResultExecutor.Execute(ActionContext actionContext, IActionResultTypeMapper mapper, ObjectMethodExecutor executor, Object controller, Object[] arguments)
   at Microsoft.AspNetCore.Mvc.Infrastructure.ControllerActionInvoker.<InvokeActionMethodAsync>g__Logged|12_1(ControllerActionInvoker invoker)
   at Microsoft.AspNetCore.Mvc.Infrastructure.ControllerActionInvoker.<InvokeNextActionFilterAsync>g__Awaited|10_0(ControllerActionInvoker invoker, Task lastTask, State next, Scope scope, Object state, Boolean isCompleted)
   at Microsoft.AspNetCore.Mvc.Infrastructure.ControllerActionInvoker.Rethrow(ActionExecutedContextSealed context)
   at Microsoft.AspNetCore.Mvc.Infrastructure.ControllerActionInvoker.Next(State& next, Scope& scope, Object& state, Boolean& isCompleted)
   at Microsoft.AspNetCore.Mvc.Infrastructure.ControllerActionInvoker.<InvokeInnerFilterAsync>g__Awaited|13_0(ControllerActionInvoker invoker, Task lastTask, State next, Scope scope, Object state, Boolean isCompleted)
   at Microsoft.AspNetCore.Mvc.Infrastructure.ResourceInvoker.<InvokeFilterPipelineAsync>g__Awaited|20_0(ResourceInvoker invoker, Task lastTask, State next, Scope scope, Object state, Boolean isCompleted)
   at Microsoft.AspNetCore.Mvc.Infrastructure.ResourceInvoker.<InvokeAsync>g__Logged|17_1(ResourceInvoker invoker)
   at Microsoft.AspNetCore.Mvc.Infrastructure.ResourceInvoker.<InvokeAsync>g__Logged|17_1(ResourceInvoker invoker)
   at Microsoft.AspNetCore.Routing.EndpointMiddleware.<Invoke>g__AwaitRequestTask|7_0(Endpoint endpoint, Task requestTask, ILogger logger)
   at Microsoft.AspNetCore.Authorization.AuthorizationMiddleware.Invoke(HttpContext context)
   at sem2week1.Middleware.RequestMiddleware.InvokeAsync(HttpContext context, RequestDelegate next) in /home/susant/RiderProjects/sem2week1/Middleware/Middleware.cs:line 20
   at Microsoft.AspNetCore.Builder.UseMiddlewareExtensions.InterfaceMiddlewareBinder.<>c__DisplayClass2_0.<<CreateMiddleware>b__0>d.MoveNext()
--- End of stack trace from previous location ---
   at Microsoft.AspNetCore.Authentication.AuthenticationMiddleware.Invoke(HttpContext context)
   at Swashbuckle.AspNetCore.SwaggerUI.SwaggerUIMiddleware.Invoke(HttpContext httpContext)
   at Swashbuckle.AspNetCore.Swagger.SwaggerMiddleware.Invoke(HttpContext httpContext, ISwaggerProvider swaggerProvider)
   at Microsoft.AspNetCore.Diagnostics.DeveloperExceptionPageMiddlewareImpl.Invoke(HttpContext context)
2026-04-27 07:29:37.317 +05:45 [INF] Request finished HTTP/1.1 POST http://localhost:5150/api/Student/add - 500 null text/plain; charset=utf-8 1548.1067ms
2026-04-27 07:29:43.576 +05:45 [INF] Request starting HTTP/1.1 POST http://localhost:5150/api/Student/add - application/json 169
2026-04-27 07:29:43.581 +05:45 [INF] Executing endpoint 'sem2week1.Controllers.StudentController.AddStudent (sem2week1)'
2026-04-27 07:29:43.581 +05:45 [INF] Route matched with {action = "AddStudent", controller = "Student"}. Executing controller action with signature System.Threading.Tasks.Task`1[Microsoft.AspNetCore.Mvc.IActionResult] AddStudent(sem2week1.Database.Entities.Student) on controller sem2week1.Controllers.StudentController (sem2week1).
2026-04-27 07:29:43.584 +05:45 [INF] Executing action method sem2week1.Controllers.StudentController.AddStudent (sem2week1) - Validation state: "Valid"
2026-04-27 07:29:43.656 +05:45 [INF] Executed DbCommand (26ms) [Parameters=[@p0='?' (DbType = Int32), @p1='?', @p2='?' (DbType = DateTime), @p3='?', @p4='?', @p5='?', @p6='?'], CommandType='"Text"', CommandTimeout='30']
INSERT INTO "Students" ("Id", "Address", "DateOfBirth", "Email", "FirstName", "LastName", "Phone")
VALUES (@p0, @p1, @p2, @p3, @p4, @p5, @p6);
2026-04-27 07:29:43.677 +05:45 [INF] Executed action method sem2week1.Controllers.StudentController.AddStudent (sem2week1), returned result Microsoft.AspNetCore.Mvc.CreatedAtActionResult in 89.6736ms.
2026-04-27 07:29:43.683 +05:45 [INF] Executing CreatedAtActionResult, writing value of type 'sem2week1.Database.Entities.Student'.
2026-04-27 07:29:43.704 +05:45 [INF] Executed action sem2week1.Controllers.StudentController.AddStudent (sem2week1) in 122.4404ms
2026-04-27 07:29:43.704 +05:45 [INF] Executed endpoint 'sem2week1.Controllers.StudentController.AddStudent (sem2week1)'
2026-04-27 07:29:43.704 +05:45 [INF] [2026-04-27 01:44:43] POST /api/Student/add | User:Anonymous | Status:201 | Time:123.58ms
2026-04-27 07:29:43.705 +05:45 [INF] Request finished HTTP/1.1 POST http://localhost:5150/api/Student/add - 201 null application/json; charset=utf-8 128.2202ms
2026-04-27 07:29:51.766 +05:45 [INF] Request starting HTTP/1.1 POST http://localhost:5150/api/Student/add - application/json 171
2026-04-27 07:29:51.766 +05:45 [INF] Executing endpoint 'sem2week1.Controllers.StudentController.AddStudent (sem2week1)'
2026-04-27 07:29:51.767 +05:45 [INF] Route matched with {action = "AddStudent", controller = "Student"}. Executing controller action with signature System.Threading.Tasks.Task`1[Microsoft.AspNetCore.Mvc.IActionResult] AddStudent(sem2week1.Database.Entities.Student) on controller sem2week1.Controllers.StudentController (sem2week1).
2026-04-27 07:29:51.769 +05:45 [INF] Executing action method sem2week1.Controllers.StudentController.AddStudent (sem2week1) - Validation state: "Valid"
2026-04-27 07:29:51.788 +05:45 [INF] Executed DbCommand (8ms) [Parameters=[@p0='?' (DbType = Int32), @p1='?', @p2='?' (DbType = DateTime), @p3='?', @p4='?', @p5='?', @p6='?'], CommandType='"Text"', CommandTimeout='30']
INSERT INTO "Students" ("Id", "Address", "DateOfBirth", "Email", "FirstName", "LastName", "Phone")
VALUES (@p0, @p1, @p2, @p3, @p4, @p5, @p6);
2026-04-27 07:29:51.789 +05:45 [INF] Executed action method sem2week1.Controllers.StudentController.AddStudent (sem2week1), returned result Microsoft.AspNetCore.Mvc.CreatedAtActionResult in 20.0247ms.
2026-04-27 07:29:51.790 +05:45 [INF] Executing CreatedAtActionResult, writing value of type 'sem2week1.Database.Entities.Student'.
2026-04-27 07:29:51.790 +05:45 [INF] Executed action sem2week1.Controllers.StudentController.AddStudent (sem2week1) in 23.1419ms
2026-04-27 07:29:51.790 +05:45 [INF] Executed endpoint 'sem2week1.Controllers.StudentController.AddStudent (sem2week1)'
2026-04-27 07:29:51.790 +05:45 [INF] [2026-04-27 01:44:51] POST /api/Student/add | User:Anonymous | Status:201 | Time:24.06ms
2026-04-27 07:29:51.791 +05:45 [INF] Request finished HTTP/1.1 POST http://localhost:5150/api/Student/add - 201 null application/json; charset=utf-8 24.7273ms
2026-04-27 07:30:03.051 +05:45 [INF] Request starting HTTP/1.1 POST http://localhost:5150/api/Student/add - application/json 172
2026-04-27 07:30:03.052 +05:45 [INF] Executing endpoint 'sem2week1.Controllers.StudentController.AddStudent (sem2week1)'
2026-04-27 07:30:03.052 +05:45 [INF] Route matched with {action = "AddStudent", controller = "Student"}. Executing controller action with signature System.Threading.Tasks.Task`1[Microsoft.AspNetCore.Mvc.IActionResult] AddStudent(sem2week1.Database.Entities.Student) on controller sem2week1.Controllers.StudentController (sem2week1).
2026-04-27 07:30:03.053 +05:45 [INF] Executing action method sem2week1.Controllers.StudentController.AddStudent (sem2week1) - Validation state: "Valid"
2026-04-27 07:30:03.059 +05:45 [INF] Executed DbCommand (4ms) [Parameters=[@p0='?' (DbType = Int32), @p1='?', @p2='?' (DbType = DateTime), @p3='?', @p4='?', @p5='?', @p6='?'], CommandType='"Text"', CommandTimeout='30']
INSERT INTO "Students" ("Id", "Address", "DateOfBirth", "Email", "FirstName", "LastName", "Phone")
VALUES (@p0, @p1, @p2, @p3, @p4, @p5, @p6);
2026-04-27 07:30:03.060 +05:45 [INF] Executed action method sem2week1.Controllers.StudentController.AddStudent (sem2week1), returned result Microsoft.AspNetCore.Mvc.CreatedAtActionResult in 6.812ms.
2026-04-27 07:30:03.060 +05:45 [INF] Executing CreatedAtActionResult, writing value of type 'sem2week1.Database.Entities.Student'.
2026-04-27 07:30:03.061 +05:45 [INF] Executed action sem2week1.Controllers.StudentController.AddStudent (sem2week1) in 9.0996ms
2026-04-27 07:30:03.061 +05:45 [INF] Executed endpoint 'sem2week1.Controllers.StudentController.AddStudent (sem2week1)'
2026-04-27 07:30:03.061 +05:45 [INF] [2026-04-27 01:45:03] POST /api/Student/add | User:Anonymous | Status:201 | Time:9.73ms
2026-04-27 07:30:03.061 +05:45 [INF] Request finished HTTP/1.1 POST http://localhost:5150/api/Student/add - 201 null application/json; charset=utf-8 10.3503ms
2026-04-27 07:30:03.079 +05:45 [INF] Request starting HTTP/1.1 POST http://localhost:5150/api/Student/add - application/json 181
2026-04-27 07:30:03.079 +05:45 [INF] Executing endpoint 'sem2week1.Controllers.StudentController.AddStudent (sem2week1)'
2026-04-27 07:30:03.080 +05:45 [INF] Route matched with {action = "AddStudent", controller = "Student"}. Executing controller action with signature System.Threading.Tasks.Task`1[Microsoft.AspNetCore.Mvc.IActionResult] AddStudent(sem2week1.Database.Entities.Student) on controller sem2week1.Controllers.StudentController (sem2week1).
2026-04-27 07:30:03.080 +05:45 [INF] Executing action method sem2week1.Controllers.StudentController.AddStudent (sem2week1) - Validation state: "Valid"
2026-04-27 07:30:03.085 +05:45 [INF] Executed DbCommand (3ms) [Parameters=[@p0='?' (DbType = Int32), @p1='?', @p2='?' (DbType = DateTime), @p3='?', @p4='?', @p5='?', @p6='?'], CommandType='"Text"', CommandTimeout='30']
INSERT INTO "Students" ("Id", "Address", "DateOfBirth", "Email", "FirstName", "LastName", "Phone")
VALUES (@p0, @p1, @p2, @p3, @p4, @p5, @p6);
2026-04-27 07:30:03.086 +05:45 [INF] Executed action method sem2week1.Controllers.StudentController.AddStudent (sem2week1), returned result Microsoft.AspNetCore.Mvc.CreatedAtActionResult in 5.1569ms.
2026-04-27 07:30:03.086 +05:45 [INF] Executing CreatedAtActionResult, writing value of type 'sem2week1.Database.Entities.Student'.
2026-04-27 07:30:03.087 +05:45 [INF] Executed action sem2week1.Controllers.StudentController.AddStudent (sem2week1) in 7.1858ms
2026-04-27 07:30:03.087 +05:45 [INF] Executed endpoint 'sem2week1.Controllers.StudentController.AddStudent (sem2week1)'
2026-04-27 07:30:03.087 +05:45 [INF] [2026-04-27 01:45:03] POST /api/Student/add | User:Anonymous | Status:201 | Time:7.93ms
2026-04-27 07:30:03.088 +05:45 [INF] Request finished HTTP/1.1 POST http://localhost:5150/api/Student/add - 201 null application/json; charset=utf-8 8.5943ms
2026-04-27 07:30:03.098 +05:45 [INF] Request starting HTTP/1.1 POST http://localhost:5150/api/Student/add - application/json 177
2026-04-27 07:30:03.098 +05:45 [INF] Executing endpoint 'sem2week1.Controllers.StudentController.AddStudent (sem2week1)'
2026-04-27 07:30:03.098 +05:45 [INF] Route matched with {action = "AddStudent", controller = "Student"}. Executing controller action with signature System.Threading.Tasks.Task`1[Microsoft.AspNetCore.Mvc.IActionResult] AddStudent(sem2week1.Database.Entities.Student) on controller sem2week1.Controllers.StudentController (sem2week1).
2026-04-27 07:30:03.099 +05:45 [INF] Executing action method sem2week1.Controllers.StudentController.AddStudent (sem2week1) - Validation state: "Valid"
2026-04-27 07:30:03.103 +05:45 [INF] Executed DbCommand (2ms) [Parameters=[@p0='?' (DbType = Int32), @p1='?', @p2='?' (DbType = DateTime), @p3='?', @p4='?', @p5='?', @p6='?'], CommandType='"Text"', CommandTimeout='30']
INSERT INTO "Students" ("Id", "Address", "DateOfBirth", "Email", "FirstName", "LastName", "Phone")
VALUES (@p0, @p1, @p2, @p3, @p4, @p5, @p6);
2026-04-27 07:30:03.104 +05:45 [INF] Executed action method sem2week1.Controllers.StudentController.AddStudent (sem2week1), returned result Microsoft.AspNetCore.Mvc.CreatedAtActionResult in 4.7652ms.
2026-04-27 07:30:03.104 +05:45 [INF] Executing CreatedAtActionResult, writing value of type 'sem2week1.Database.Entities.Student'.
2026-04-27 07:30:03.105 +05:45 [INF] Executed action sem2week1.Controllers.StudentController.AddStudent (sem2week1) in 6.5785ms
2026-04-27 07:30:03.105 +05:45 [INF] Executed endpoint 'sem2week1.Controllers.StudentController.AddStudent (sem2week1)'
2026-04-27 07:30:03.105 +05:45 [INF] [2026-04-27 01:45:03] POST /api/Student/add | User:Anonymous | Status:201 | Time:7.39ms
2026-04-27 07:30:03.106 +05:45 [INF] Request finished HTTP/1.1 POST http://localhost:5150/api/Student/add - 201 null application/json; charset=utf-8 8.3088ms
2026-04-27 07:30:03.117 +05:45 [INF] Request starting HTTP/1.1 POST http://localhost:5150/api/Student/add - application/json 175
2026-04-27 07:30:03.117 +05:45 [INF] Executing endpoint 'sem2week1.Controllers.StudentController.AddStudent (sem2week1)'
2026-04-27 07:30:03.117 +05:45 [INF] Route matched with {action = "AddStudent", controller = "Student"}. Executing controller action with signature System.Threading.Tasks.Task`1[Microsoft.AspNetCore.Mvc.IActionResult] AddStudent(sem2week1.Database.Entities.Student) on controller sem2week1.Controllers.StudentController (sem2week1).
2026-04-27 07:30:03.118 +05:45 [INF] Executing action method sem2week1.Controllers.StudentController.AddStudent (sem2week1) - Validation state: "Valid"
2026-04-27 07:30:03.121 +05:45 [INF] Executed DbCommand (2ms) [Parameters=[@p0='?' (DbType = Int32), @p1='?', @p2='?' (DbType = DateTime), @p3='?', @p4='?', @p5='?', @p6='?'], CommandType='"Text"', CommandTimeout='30']
INSERT INTO "Students" ("Id", "Address", "DateOfBirth", "Email", "FirstName", "LastName", "Phone")
VALUES (@p0, @p1, @p2, @p3, @p4, @p5, @p6);
2026-04-27 07:30:03.122 +05:45 [INF] Executed action method sem2week1.Controllers.StudentController.AddStudent (sem2week1), returned result Microsoft.AspNetCore.Mvc.CreatedAtActionResult in 3.5655ms.
2026-04-27 07:30:03.123 +05:45 [INF] Executing CreatedAtActionResult, writing value of type 'sem2week1.Database.Entities.Student'.
2026-04-27 07:30:03.123 +05:45 [INF] Executed action sem2week1.Controllers.StudentController.AddStudent (sem2week1) in 5.8012ms
2026-04-27 07:30:03.124 +05:45 [INF] Executed endpoint 'sem2week1.Controllers.StudentController.AddStudent (sem2week1)'
2026-04-27 07:30:03.124 +05:45 [INF] [2026-04-27 01:45:03] POST /api/Student/add | User:Anonymous | Status:201 | Time:6.61ms
2026-04-27 07:30:03.124 +05:45 [INF] Request finished HTTP/1.1 POST http://localhost:5150/api/Student/add - 201 null application/json; charset=utf-8 7.2541ms
2026-04-27 07:30:03.134 +05:45 [INF] Request starting HTTP/1.1 POST http://localhost:5150/api/Student/add - application/json 181
2026-04-27 07:30:03.135 +05:45 [INF] Executing endpoint 'sem2week1.Controllers.StudentController.AddStudent (sem2week1)'
2026-04-27 07:30:03.135 +05:45 [INF] Route matched with {action = "AddStudent", controller = "Student"}. Executing controller action with signature System.Threading.Tasks.Task`1[Microsoft.AspNetCore.Mvc.IActionResult] AddStudent(sem2week1.Database.Entities.Student) on controller sem2week1.Controllers.StudentController (sem2week1).
2026-04-27 07:30:03.136 +05:45 [INF] Executing action method sem2week1.Controllers.StudentController.AddStudent (sem2week1) - Validation state: "Valid"
2026-04-27 07:30:03.140 +05:45 [INF] Executed DbCommand (3ms) [Parameters=[@p0='?' (DbType = Int32), @p1='?', @p2='?' (DbType = DateTime), @p3='?', @p4='?', @p5='?', @p6='?'], CommandType='"Text"', CommandTimeout='30']
INSERT INTO "Students" ("Id", "Address", "DateOfBirth", "Email", "FirstName", "LastName", "Phone")
VALUES (@p0, @p1, @p2, @p3, @p4, @p5, @p6);
2026-04-27 07:30:03.141 +05:45 [INF] Executed action method sem2week1.Controllers.StudentController.AddStudent (sem2week1), returned result Microsoft.AspNetCore.Mvc.CreatedAtActionResult in 4.7597ms.
2026-04-27 07:30:03.141 +05:45 [INF] Executing CreatedAtActionResult, writing value of type 'sem2week1.Database.Entities.Student'.
2026-04-27 07:30:03.141 +05:45 [INF] Executed action sem2week1.Controllers.StudentController.AddStudent (sem2week1) in 6.0391ms
2026-04-27 07:30:03.142 +05:45 [INF] Executed endpoint 'sem2week1.Controllers.StudentController.AddStudent (sem2week1)'
2026-04-27 07:30:03.142 +05:45 [INF] [2026-04-27 01:45:03] POST /api/Student/add | User:Anonymous | Status:201 | Time:6.72ms
2026-04-27 07:30:03.142 +05:45 [INF] Request finished HTTP/1.1 POST http://localhost:5150/api/Student/add - 201 null application/json; charset=utf-8 7.8581ms
2026-04-27 07:30:03.160 +05:45 [INF] Request starting HTTP/1.1 POST http://localhost:5150/api/Student/add - application/json 180
2026-04-27 07:30:03.161 +05:45 [INF] Executing endpoint 'sem2week1.Controllers.StudentController.AddStudent (sem2week1)'
2026-04-27 07:30:03.164 +05:45 [INF] Route matched with {action = "AddStudent", controller = "Student"}. Executing controller action with signature System.Threading.Tasks.Task`1[Microsoft.AspNetCore.Mvc.IActionResult] AddStudent(sem2week1.Database.Entities.Student) on controller sem2week1.Controllers.StudentController (sem2week1).
2026-04-27 07:30:03.166 +05:45 [INF] Executing action method sem2week1.Controllers.StudentController.AddStudent (sem2week1) - Validation state: "Valid"
2026-04-27 07:30:03.171 +05:45 [INF] Executed DbCommand (2ms) [Parameters=[@p0='?' (DbType = Int32), @p1='?', @p2='?' (DbType = DateTime), @p3='?', @p4='?', @p5='?', @p6='?'], CommandType='"Text"', CommandTimeout='30']
INSERT INTO "Students" ("Id", "Address", "DateOfBirth", "Email", "FirstName", "LastName", "Phone")
VALUES (@p0, @p1, @p2, @p3, @p4, @p5, @p6);
2026-04-27 07:30:03.174 +05:45 [INF] Executed action method sem2week1.Controllers.StudentController.AddStudent (sem2week1), returned result Microsoft.AspNetCore.Mvc.CreatedAtActionResult in 7.2691ms.
2026-04-27 07:30:03.174 +05:45 [INF] Executing CreatedAtActionResult, writing value of type 'sem2week1.Database.Entities.Student'.
2026-04-27 07:30:03.175 +05:45 [INF] Executed action sem2week1.Controllers.StudentController.AddStudent (sem2week1) in 10.5247ms
2026-04-27 07:30:03.176 +05:45 [INF] Executed endpoint 'sem2week1.Controllers.StudentController.AddStudent (sem2week1)'
2026-04-27 07:30:03.176 +05:45 [INF] [2026-04-27 01:45:03] POST /api/Student/add | User:Anonymous | Status:201 | Time:15.01ms
2026-04-27 07:30:03.176 +05:45 [INF] Request finished HTTP/1.1 POST http://localhost:5150/api/Student/add - 201 null application/json; charset=utf-8 16.2211ms
2026-04-27 07:30:03.191 +05:45 [INF] Request starting HTTP/1.1 POST http://localhost:5150/api/Student/add - application/json 187
2026-04-27 07:30:03.193 +05:45 [INF] Executing endpoint 'sem2week1.Controllers.StudentController.AddStudent (sem2week1)'
2026-04-27 07:30:03.195 +05:45 [INF] Route matched with {action = "AddStudent", controller = "Student"}. Executing controller action with signature System.Threading.Tasks.Task`1[Microsoft.AspNetCore.Mvc.IActionResult] AddStudent(sem2week1.Database.Entities.Student) on controller sem2week1.Controllers.StudentController (sem2week1).
2026-04-27 07:30:03.198 +05:45 [INF] Executing action method sem2week1.Controllers.StudentController.AddStudent (sem2week1) - Validation state: "Valid"
2026-04-27 07:30:03.202 +05:45 [INF] Executed DbCommand (3ms) [Parameters=[@p0='?' (DbType = Int32), @p1='?', @p2='?' (DbType = DateTime), @p3='?', @p4='?', @p5='?', @p6='?'], CommandType='"Text"', CommandTimeout='30']
INSERT INTO "Students" ("Id", "Address", "DateOfBirth", "Email", "FirstName", "LastName", "Phone")
VALUES (@p0, @p1, @p2, @p3, @p4, @p5, @p6);
2026-04-27 07:30:03.205 +05:45 [INF] Executed action method sem2week1.Controllers.StudentController.AddStudent (sem2week1), returned result Microsoft.AspNetCore.Mvc.CreatedAtActionResult in 7.285ms.
2026-04-27 07:30:03.206 +05:45 [INF] Executing CreatedAtActionResult, writing value of type 'sem2week1.Database.Entities.Student'.
2026-04-27 07:30:03.206 +05:45 [INF] Executed action sem2week1.Controllers.StudentController.AddStudent (sem2week1) in 9.3485ms
2026-04-27 07:30:03.207 +05:45 [INF] Executed endpoint 'sem2week1.Controllers.StudentController.AddStudent (sem2week1)'
2026-04-27 07:30:03.207 +05:45 [INF] [2026-04-27 01:45:03] POST /api/Student/add | User:Anonymous | Status:201 | Time:13.51ms
2026-04-27 07:30:03.207 +05:45 [INF] Request finished HTTP/1.1 POST http://localhost:5150/api/Student/add - 201 null application/json; charset=utf-8 16.0231ms
2026-04-27 07:30:03.221 +05:45 [INF] Request starting HTTP/1.1 POST http://localhost:5150/api/Student/add - application/json 181
2026-04-27 07:30:03.221 +05:45 [INF] Executing endpoint 'sem2week1.Controllers.StudentController.AddStudent (sem2week1)'
2026-04-27 07:30:03.222 +05:45 [INF] Route matched with {action = "AddStudent", controller = "Student"}. Executing controller action with signature System.Threading.Tasks.Task`1[Microsoft.AspNetCore.Mvc.IActionResult] AddStudent(sem2week1.Database.Entities.Student) on controller sem2week1.Controllers.StudentController (sem2week1).
2026-04-27 07:30:03.222 +05:45 [INF] Executing action method sem2week1.Controllers.StudentController.AddStudent (sem2week1) - Validation state: "Valid"
2026-04-27 07:30:03.226 +05:45 [INF] Executed DbCommand (2ms) [Parameters=[@p0='?' (DbType = Int32), @p1='?', @p2='?' (DbType = DateTime), @p3='?', @p4='?', @p5='?', @p6='?'], CommandType='"Text"', CommandTimeout='30']
INSERT INTO "Students" ("Id", "Address", "DateOfBirth", "Email", "FirstName", "LastName", "Phone")
VALUES (@p0, @p1, @p2, @p3, @p4, @p5, @p6);
2026-04-27 07:30:03.227 +05:45 [INF] Executed action method sem2week1.Controllers.StudentController.AddStudent (sem2week1), returned result Microsoft.AspNetCore.Mvc.CreatedAtActionResult in 4.3776ms.
2026-04-27 07:30:03.227 +05:45 [INF] Executing CreatedAtActionResult, writing value of type 'sem2week1.Database.Entities.Student'.
2026-04-27 07:30:03.228 +05:45 [INF] Executed action sem2week1.Controllers.StudentController.AddStudent (sem2week1) in 6.3375ms
2026-04-27 07:30:03.228 +05:45 [INF] Executed endpoint 'sem2week1.Controllers.StudentController.AddStudent (sem2week1)'
2026-04-27 07:30:03.229 +05:45 [INF] [2026-04-27 01:45:03] POST /api/Student/add | User:Anonymous | Status:201 | Time:7.22ms
2026-04-27 07:30:03.229 +05:45 [INF] Request finished HTTP/1.1 POST http://localhost:5150/api/Student/add - 201 null application/json; charset=utf-8 8.1193ms
2026-04-27 07:30:10.303 +05:45 [INF] Request starting HTTP/1.1 GET http://localhost:5150/api/Student/filtered?method=iqueryable - null null
2026-04-27 07:30:10.303 +05:45 [INF] Executing endpoint 'sem2week1.Controllers.StudentController.GetFilteredStudents (sem2week1)'
2026-04-27 07:30:10.310 +05:45 [INF] Route matched with {action = "GetFilteredStudents", controller = "Student"}. Executing controller action with signature System.Threading.Tasks.Task`1[Microsoft.AspNetCore.Mvc.IActionResult] GetFilteredStudents(sem2week1.DTOS.StudentFilterDto, System.String) on controller sem2week1.Controllers.StudentController (sem2week1).
2026-04-27 07:30:10.321 +05:45 [INF] Executing action method sem2week1.Controllers.StudentController.GetFilteredStudents (sem2week1) - Validation state: "Valid"
2026-04-27 07:30:10.587 +05:45 [INF] Executed DbCommand (2ms) [Parameters=[], CommandType='"Text"', CommandTimeout='30']
SELECT s."Id", s."FirstName", s."LastName", s."DateOfBirth", s."Address", s."Email"
FROM "Students" AS s
2026-04-27 07:30:10.606 +05:45 [INF] Executed action method sem2week1.Controllers.StudentController.GetFilteredStudents (sem2week1), returned result Microsoft.AspNetCore.Mvc.OkObjectResult in 284.3053ms.
2026-04-27 07:30:10.606 +05:45 [INF] Executing OkObjectResult, writing value of type '<>f__AnonymousType4`4[[System.String, System.Private.CoreLib, Version=8.0.0.0, Culture=neutral, PublicKeyToken=7cec85d7bea7798e],[System.Int64, System.Private.CoreLib, Version=8.0.0.0, Culture=neutral, PublicKeyToken=7cec85d7bea7798e],[System.Int32, System.Private.CoreLib, Version=8.0.0.0, Culture=neutral, PublicKeyToken=7cec85d7bea7798e],[System.Collections.Generic.List`1[[sem2week1.DTOS.StudentResponseDto, sem2week1, Version=1.0.0.0, Culture=neutral, PublicKeyToken=null]], System.Private.CoreLib, Version=8.0.0.0, Culture=neutral, PublicKeyToken=7cec85d7bea7798e]]'.
2026-04-27 07:30:10.618 +05:45 [INF] Executed action sem2week1.Controllers.StudentController.GetFilteredStudents (sem2week1) in 307.8474ms
2026-04-27 07:30:10.618 +05:45 [INF] Executed endpoint 'sem2week1.Controllers.StudentController.GetFilteredStudents (sem2week1)'
2026-04-27 07:30:10.618 +05:45 [INF] [2026-04-27 01:45:10] GET /api/Student/filtered | User:Anonymous | Status:200 | Time:314.98ms
2026-04-27 07:30:10.619 +05:45 [INF] Request finished HTTP/1.1 GET http://localhost:5150/api/Student/filtered?method=iqueryable - 200 null application/json; charset=utf-8 315.5085ms
2026-04-27 07:30:18.972 +05:45 [INF] Request starting HTTP/1.1 GET http://localhost:5150/api/Student/filtered?method=ienumerable - null null
2026-04-27 07:30:18.973 +05:45 [INF] Executing endpoint 'sem2week1.Controllers.StudentController.GetFilteredStudents (sem2week1)'
2026-04-27 07:30:18.973 +05:45 [INF] Route matched with {action = "GetFilteredStudents", controller = "Student"}. Executing controller action with signature System.Threading.Tasks.Task`1[Microsoft.AspNetCore.Mvc.IActionResult] GetFilteredStudents(sem2week1.DTOS.StudentFilterDto, System.String) on controller sem2week1.Controllers.StudentController (sem2week1).
2026-04-27 07:30:18.974 +05:45 [INF] Executing action method sem2week1.Controllers.StudentController.GetFilteredStudents (sem2week1) - Validation state: "Valid"
2026-04-27 07:30:19.018 +05:45 [INF] Executed DbCommand (1ms) [Parameters=[], CommandType='"Text"', CommandTimeout='30']
SELECT s."Id", s."Address", s."DateOfBirth", s."Email", s."FirstName", s."LastName", s."Phone"
FROM "Students" AS s
2026-04-27 07:30:19.021 +05:45 [INF] Executed action method sem2week1.Controllers.StudentController.GetFilteredStudents (sem2week1), returned result Microsoft.AspNetCore.Mvc.OkObjectResult in 46.8347ms.
2026-04-27 07:30:19.022 +05:45 [INF] Executing OkObjectResult, writing value of type '<>f__AnonymousType4`4[[System.String, System.Private.CoreLib, Version=8.0.0.0, Culture=neutral, PublicKeyToken=7cec85d7bea7798e],[System.Int64, System.Private.CoreLib, Version=8.0.0.0, Culture=neutral, PublicKeyToken=7cec85d7bea7798e],[System.Int32, System.Private.CoreLib, Version=8.0.0.0, Culture=neutral, PublicKeyToken=7cec85d7bea7798e],[System.Collections.Generic.List`1[[sem2week1.DTOS.StudentResponseDto, sem2week1, Version=1.0.0.0, Culture=neutral, PublicKeyToken=null]], System.Private.CoreLib, Version=8.0.0.0, Culture=neutral, PublicKeyToken=7cec85d7bea7798e]]'.
2026-04-27 07:30:19.022 +05:45 [INF] Executed action sem2week1.Controllers.StudentController.GetFilteredStudents (sem2week1) in 48.6204ms
2026-04-27 07:30:19.022 +05:45 [INF] Executed endpoint 'sem2week1.Controllers.StudentController.GetFilteredStudents (sem2week1)'
2026-04-27 07:30:19.022 +05:45 [INF] [2026-04-27 01:45:18] GET /api/Student/filtered | User:Anonymous | Status:200 | Time:49.36ms
2026-04-27 07:30:19.022 +05:45 [INF] Request finished HTTP/1.1 GET http://localhost:5150/api/Student/filtered?method=ienumerable - 200 null application/json; charset=utf-8 50.0001ms
2026-04-27 07:30:26.218 +05:45 [INF] Request starting HTTP/1.1 GET http://localhost:5150/api/Student/filtered?minAge=25&method=iqueryable - null null
2026-04-27 07:30:26.219 +05:45 [INF] Executing endpoint 'sem2week1.Controllers.StudentController.GetFilteredStudents (sem2week1)'
2026-04-27 07:30:26.219 +05:45 [INF] Route matched with {action = "GetFilteredStudents", controller = "Student"}. Executing controller action with signature System.Threading.Tasks.Task`1[Microsoft.AspNetCore.Mvc.IActionResult] GetFilteredStudents(sem2week1.DTOS.StudentFilterDto, System.String) on controller sem2week1.Controllers.StudentController (sem2week1).
2026-04-27 07:30:26.221 +05:45 [INF] Executing action method sem2week1.Controllers.StudentController.GetFilteredStudents (sem2week1) - Validation state: "Valid"
2026-04-27 07:30:26.269 +05:45 [ERR] Failed executing DbCommand (0ms) [Parameters=[@__maxDateOfBirth_0='?' (DbType = DateTime)], CommandType='"Text"', CommandTimeout='30']
SELECT s."Id", s."FirstName", s."LastName", s."DateOfBirth", s."Address", s."Email"
FROM "Students" AS s
WHERE s."DateOfBirth" <= @__maxDateOfBirth_0
2026-04-27 07:30:26.280 +05:45 [ERR] An exception occurred while iterating over the results of a query for context type 'sem2week1.Database.AppDbContext'.
System.ArgumentException: Cannot write DateTime with Kind=Local to PostgreSQL type 'timestamp with time zone', only UTC is supported. Note that it's not possible to mix DateTimes with different Kinds in an array, range, or multirange. (Parameter 'value')
   at Npgsql.Internal.Converters.DateTimeConverterResolver`1.Get(DateTime value, Nullable`1 expectedPgTypeId, Boolean validateOnly)
   at Npgsql.Internal.Converters.DateTimeConverterResolver.<>c.<CreateResolver>b__0_0(DateTimeConverterResolver`1 resolver, DateTime value, Nullable`1 expectedPgTypeId)
   at Npgsql.Internal.Converters.DateTimeConverterResolver`1.Get(T value, Nullable`1 expectedPgTypeId)
   at Npgsql.Internal.PgConverterResolver`1.GetAsObjectInternal(PgTypeInfo typeInfo, Object value, Nullable`1 expectedPgTypeId)
   at Npgsql.Internal.PgResolverTypeInfo.GetResolutionAsObject(Object value, Nullable`1 expectedPgTypeId)
   at Npgsql.Internal.PgTypeInfo.GetObjectResolution(Object value)
   at Npgsql.NpgsqlParameter.ResolveConverter(PgTypeInfo typeInfo)
   at Npgsql.NpgsqlParameter.ResolveTypeInfo(PgSerializerOptions options)
   at Npgsql.NpgsqlParameterCollection.ProcessParameters(PgSerializerOptions options, Boolean validateValues, CommandType commandType)
   at Npgsql.NpgsqlCommand.ExecuteReader(Boolean async, CommandBehavior behavior, CancellationToken cancellationToken)
   at Npgsql.NpgsqlCommand.ExecuteReader(Boolean async, CommandBehavior behavior, CancellationToken cancellationToken)
   at Npgsql.NpgsqlCommand.ExecuteDbDataReaderAsync(CommandBehavior behavior, CancellationToken cancellationToken)
   at Microsoft.EntityFrameworkCore.Storage.RelationalCommand.ExecuteReaderAsync(RelationalCommandParameterObject parameterObject, CancellationToken cancellationToken)
   at Microsoft.EntityFrameworkCore.Storage.RelationalCommand.ExecuteReaderAsync(RelationalCommandParameterObject parameterObject, CancellationToken cancellationToken)
   at Microsoft.EntityFrameworkCore.Query.Internal.SingleQueryingEnumerable`1.AsyncEnumerator.InitializeReaderAsync(AsyncEnumerator enumerator, CancellationToken cancellationToken)
   at Npgsql.EntityFrameworkCore.PostgreSQL.Storage.Internal.NpgsqlExecutionStrategy.ExecuteAsync[TState,TResult](TState state, Func`4 operation, Func`4 verifySucceeded, CancellationToken cancellationToken)
   at Microsoft.EntityFrameworkCore.Query.Internal.SingleQueryingEnumerable`1.AsyncEnumerator.MoveNextAsync()
System.ArgumentException: Cannot write DateTime with Kind=Local to PostgreSQL type 'timestamp with time zone', only UTC is supported. Note that it's not possible to mix DateTimes with different Kinds in an array, range, or multirange. (Parameter 'value')
   at Npgsql.Internal.Converters.DateTimeConverterResolver`1.Get(DateTime value, Nullable`1 expectedPgTypeId, Boolean validateOnly)
   at Npgsql.Internal.Converters.DateTimeConverterResolver.<>c.<CreateResolver>b__0_0(DateTimeConverterResolver`1 resolver, DateTime value, Nullable`1 expectedPgTypeId)
   at Npgsql.Internal.Converters.DateTimeConverterResolver`1.Get(T value, Nullable`1 expectedPgTypeId)
   at Npgsql.Internal.PgConverterResolver`1.GetAsObjectInternal(PgTypeInfo typeInfo, Object value, Nullable`1 expectedPgTypeId)
   at Npgsql.Internal.PgResolverTypeInfo.GetResolutionAsObject(Object value, Nullable`1 expectedPgTypeId)
   at Npgsql.Internal.PgTypeInfo.GetObjectResolution(Object value)
   at Npgsql.NpgsqlParameter.ResolveConverter(PgTypeInfo typeInfo)
   at Npgsql.NpgsqlParameter.ResolveTypeInfo(PgSerializerOptions options)
   at Npgsql.NpgsqlParameterCollection.ProcessParameters(PgSerializerOptions options, Boolean validateValues, CommandType commandType)
   at Npgsql.NpgsqlCommand.ExecuteReader(Boolean async, CommandBehavior behavior, CancellationToken cancellationToken)
   at Npgsql.NpgsqlCommand.ExecuteReader(Boolean async, CommandBehavior behavior, CancellationToken cancellationToken)
   at Npgsql.NpgsqlCommand.ExecuteDbDataReaderAsync(CommandBehavior behavior, CancellationToken cancellationToken)
   at Microsoft.EntityFrameworkCore.Storage.RelationalCommand.ExecuteReaderAsync(RelationalCommandParameterObject parameterObject, CancellationToken cancellationToken)
   at Microsoft.EntityFrameworkCore.Storage.RelationalCommand.ExecuteReaderAsync(RelationalCommandParameterObject parameterObject, CancellationToken cancellationToken)
   at Microsoft.EntityFrameworkCore.Query.Internal.SingleQueryingEnumerable`1.AsyncEnumerator.InitializeReaderAsync(AsyncEnumerator enumerator, CancellationToken cancellationToken)
   at Npgsql.EntityFrameworkCore.PostgreSQL.Storage.Internal.NpgsqlExecutionStrategy.ExecuteAsync[TState,TResult](TState state, Func`4 operation, Func`4 verifySucceeded, CancellationToken cancellationToken)
   at Microsoft.EntityFrameworkCore.Query.Internal.SingleQueryingEnumerable`1.AsyncEnumerator.MoveNextAsync()
2026-04-27 07:30:26.283 +05:45 [INF] Executed action sem2week1.Controllers.StudentController.GetFilteredStudents (sem2week1) in 63.9923ms
2026-04-27 07:30:26.295 +05:45 [INF] Executed endpoint 'sem2week1.Controllers.StudentController.GetFilteredStudents (sem2week1)'
2026-04-27 07:30:26.295 +05:45 [ERR] An unhandled exception has occurred while executing the request.
System.ArgumentException: Cannot write DateTime with Kind=Local to PostgreSQL type 'timestamp with time zone', only UTC is supported. Note that it's not possible to mix DateTimes with different Kinds in an array, range, or multirange. (Parameter 'value')
   at Npgsql.Internal.Converters.DateTimeConverterResolver`1.Get(DateTime value, Nullable`1 expectedPgTypeId, Boolean validateOnly)
   at Npgsql.Internal.Converters.DateTimeConverterResolver.<>c.<CreateResolver>b__0_0(DateTimeConverterResolver`1 resolver, DateTime value, Nullable`1 expectedPgTypeId)
   at Npgsql.Internal.Converters.DateTimeConverterResolver`1.Get(T value, Nullable`1 expectedPgTypeId)
   at Npgsql.Internal.PgConverterResolver`1.GetAsObjectInternal(PgTypeInfo typeInfo, Object value, Nullable`1 expectedPgTypeId)
   at Npgsql.Internal.PgResolverTypeInfo.GetResolutionAsObject(Object value, Nullable`1 expectedPgTypeId)
   at Npgsql.Internal.PgTypeInfo.GetObjectResolution(Object value)
   at Npgsql.NpgsqlParameter.ResolveConverter(PgTypeInfo typeInfo)
   at Npgsql.NpgsqlParameter.ResolveTypeInfo(PgSerializerOptions options)
   at Npgsql.NpgsqlParameterCollection.ProcessParameters(PgSerializerOptions options, Boolean validateValues, CommandType commandType)
   at Npgsql.NpgsqlCommand.ExecuteReader(Boolean async, CommandBehavior behavior, CancellationToken cancellationToken)
   at Npgsql.NpgsqlCommand.ExecuteReader(Boolean async, CommandBehavior behavior, CancellationToken cancellationToken)
   at Npgsql.NpgsqlCommand.ExecuteDbDataReaderAsync(CommandBehavior behavior, CancellationToken cancellationToken)
   at Microsoft.EntityFrameworkCore.Storage.RelationalCommand.ExecuteReaderAsync(RelationalCommandParameterObject parameterObject, CancellationToken cancellationToken)
   at Microsoft.EntityFrameworkCore.Storage.RelationalCommand.ExecuteReaderAsync(RelationalCommandParameterObject parameterObject, CancellationToken cancellationToken)
   at Microsoft.EntityFrameworkCore.Query.Internal.SingleQueryingEnumerable`1.AsyncEnumerator.InitializeReaderAsync(AsyncEnumerator enumerator, CancellationToken cancellationToken)
   at Npgsql.EntityFrameworkCore.PostgreSQL.Storage.Internal.NpgsqlExecutionStrategy.ExecuteAsync[TState,TResult](TState state, Func`4 operation, Func`4 verifySucceeded, CancellationToken cancellationToken)
   at Microsoft.EntityFrameworkCore.Query.Internal.SingleQueryingEnumerable`1.AsyncEnumerator.MoveNextAsync()
   at Microsoft.EntityFrameworkCore.EntityFrameworkQueryableExtensions.ToListAsync[TSource](IQueryable`1 source, CancellationToken cancellationToken)
   at Microsoft.EntityFrameworkCore.EntityFrameworkQueryableExtensions.ToListAsync[TSource](IQueryable`1 source, CancellationToken cancellationToken)
   at sem2week1.Controllers.StudentController.GetFilteredStudentsIQueryable(StudentFilterDto filter) in /home/susant/RiderProjects/sem2week1/Controllers/StudentController.cs:line 175
   at sem2week1.Controllers.StudentController.GetFilteredStudents(StudentFilterDto filter, String method) in /home/susant/RiderProjects/sem2week1/Controllers/StudentController.cs:line 210
   at Microsoft.AspNetCore.Mvc.Infrastructure.ActionMethodExecutor.TaskOfIActionResultExecutor.Execute(ActionContext actionContext, IActionResultTypeMapper mapper, ObjectMethodExecutor executor, Object controller, Object[] arguments)
   at Microsoft.AspNetCore.Mvc.Infrastructure.ControllerActionInvoker.<InvokeActionMethodAsync>g__Logged|12_1(ControllerActionInvoker invoker)
   at Microsoft.AspNetCore.Mvc.Infrastructure.ControllerActionInvoker.<InvokeNextActionFilterAsync>g__Awaited|10_0(ControllerActionInvoker invoker, Task lastTask, State next, Scope scope, Object state, Boolean isCompleted)
   at Microsoft.AspNetCore.Mvc.Infrastructure.ControllerActionInvoker.Rethrow(ActionExecutedContextSealed context)
   at Microsoft.AspNetCore.Mvc.Infrastructure.ControllerActionInvoker.Next(State& next, Scope& scope, Object& state, Boolean& isCompleted)
   at Microsoft.AspNetCore.Mvc.Infrastructure.ControllerActionInvoker.InvokeInnerFilterAsync()
--- End of stack trace from previous location ---
   at Microsoft.AspNetCore.Mvc.Infrastructure.ResourceInvoker.<InvokeFilterPipelineAsync>g__Awaited|20_0(ResourceInvoker invoker, Task lastTask, State next, Scope scope, Object state, Boolean isCompleted)
   at Microsoft.AspNetCore.Mvc.Infrastructure.ResourceInvoker.<InvokeAsync>g__Logged|17_1(ResourceInvoker invoker)
   at Microsoft.AspNetCore.Mvc.Infrastructure.ResourceInvoker.<InvokeAsync>g__Logged|17_1(ResourceInvoker invoker)
   at Microsoft.AspNetCore.Routing.EndpointMiddleware.<Invoke>g__AwaitRequestTask|7_0(Endpoint endpoint, Task requestTask, ILogger logger)
   at Microsoft.AspNetCore.Authorization.AuthorizationMiddleware.Invoke(HttpContext context)
   at sem2week1.Middleware.RequestMiddleware.InvokeAsync(HttpContext context, RequestDelegate next) in /home/susant/RiderProjects/sem2week1/Middleware/Middleware.cs:line 20
   at Microsoft.AspNetCore.Builder.UseMiddlewareExtensions.InterfaceMiddlewareBinder.<>c__DisplayClass2_0.<<CreateMiddleware>b__0>d.MoveNext()
--- End of stack trace from previous location ---
   at Microsoft.AspNetCore.Authentication.AuthenticationMiddleware.Invoke(HttpContext context)
   at Swashbuckle.AspNetCore.SwaggerUI.SwaggerUIMiddleware.Invoke(HttpContext httpContext)
   at Swashbuckle.AspNetCore.Swagger.SwaggerMiddleware.Invoke(HttpContext httpContext, ISwaggerProvider swaggerProvider)
   at Microsoft.AspNetCore.Diagnostics.DeveloperExceptionPageMiddlewareImpl.Invoke(HttpContext context)
2026-04-27 07:30:26.307 +05:45 [INF] Request finished HTTP/1.1 GET http://localhost:5150/api/Student/filtered?minAge=25&method=iqueryable - 500 null text/plain; charset=utf-8 88.6182ms
2026-04-27 07:30:32.627 +05:45 [INF] Request starting HTTP/1.1 GET http://localhost:5150/api/Student/filtered?minAge=25&method=iqueryable - null null
2026-04-27 07:30:32.628 +05:45 [INF] Executing endpoint 'sem2week1.Controllers.StudentController.GetFilteredStudents (sem2week1)'
2026-04-27 07:30:32.628 +05:45 [INF] Route matched with {action = "GetFilteredStudents", controller = "Student"}. Executing controller action with signature System.Threading.Tasks.Task`1[Microsoft.AspNetCore.Mvc.IActionResult] GetFilteredStudents(sem2week1.DTOS.StudentFilterDto, System.String) on controller sem2week1.Controllers.StudentController (sem2week1).
2026-04-27 07:30:32.629 +05:45 [INF] Executing action method sem2week1.Controllers.StudentController.GetFilteredStudents (sem2week1) - Validation state: "Valid"
2026-04-27 07:30:32.634 +05:45 [ERR] Failed executing DbCommand (0ms) [Parameters=[@__maxDateOfBirth_0='?' (DbType = DateTime)], CommandType='"Text"', CommandTimeout='30']
SELECT s."Id", s."FirstName", s."LastName", s."DateOfBirth", s."Address", s."Email"
FROM "Students" AS s
WHERE s."DateOfBirth" <= @__maxDateOfBirth_0
2026-04-27 07:30:32.635 +05:45 [ERR] An exception occurred while iterating over the results of a query for context type 'sem2week1.Database.AppDbContext'.
System.ArgumentException: Cannot write DateTime with Kind=Local to PostgreSQL type 'timestamp with time zone', only UTC is supported. Note that it's not possible to mix DateTimes with different Kinds in an array, range, or multirange. (Parameter 'value')
   at Npgsql.Internal.Converters.DateTimeConverterResolver`1.Get(DateTime value, Nullable`1 expectedPgTypeId, Boolean validateOnly)
   at Npgsql.Internal.Converters.DateTimeConverterResolver.<>c.<CreateResolver>b__0_0(DateTimeConverterResolver`1 resolver, DateTime value, Nullable`1 expectedPgTypeId)
   at Npgsql.Internal.Converters.DateTimeConverterResolver`1.Get(T value, Nullable`1 expectedPgTypeId)
   at Npgsql.Internal.PgConverterResolver`1.GetAsObjectInternal(PgTypeInfo typeInfo, Object value, Nullable`1 expectedPgTypeId)
   at Npgsql.Internal.PgResolverTypeInfo.GetResolutionAsObject(Object value, Nullable`1 expectedPgTypeId)
   at Npgsql.Internal.PgTypeInfo.GetObjectResolution(Object value)
   at Npgsql.NpgsqlParameter.ResolveConverter(PgTypeInfo typeInfo)
   at Npgsql.NpgsqlParameter.ResolveTypeInfo(PgSerializerOptions options)
   at Npgsql.NpgsqlParameterCollection.ProcessParameters(PgSerializerOptions options, Boolean validateValues, CommandType commandType)
   at Npgsql.NpgsqlCommand.ExecuteReader(Boolean async, CommandBehavior behavior, CancellationToken cancellationToken)
   at Npgsql.NpgsqlCommand.ExecuteReader(Boolean async, CommandBehavior behavior, CancellationToken cancellationToken)
   at Npgsql.NpgsqlCommand.ExecuteDbDataReaderAsync(CommandBehavior behavior, CancellationToken cancellationToken)
   at Microsoft.EntityFrameworkCore.Storage.RelationalCommand.ExecuteReaderAsync(RelationalCommandParameterObject parameterObject, CancellationToken cancellationToken)
   at Microsoft.EntityFrameworkCore.Storage.RelationalCommand.ExecuteReaderAsync(RelationalCommandParameterObject parameterObject, CancellationToken cancellationToken)
   at Microsoft.EntityFrameworkCore.Query.Internal.SingleQueryingEnumerable`1.AsyncEnumerator.InitializeReaderAsync(AsyncEnumerator enumerator, CancellationToken cancellationToken)
   at Npgsql.EntityFrameworkCore.PostgreSQL.Storage.Internal.NpgsqlExecutionStrategy.ExecuteAsync[TState,TResult](TState state, Func`4 operation, Func`4 verifySucceeded, CancellationToken cancellationToken)
   at Microsoft.EntityFrameworkCore.Query.Internal.SingleQueryingEnumerable`1.AsyncEnumerator.MoveNextAsync()
System.ArgumentException: Cannot write DateTime with Kind=Local to PostgreSQL type 'timestamp with time zone', only UTC is supported. Note that it's not possible to mix DateTimes with different Kinds in an array, range, or multirange. (Parameter 'value')
   at Npgsql.Internal.Converters.DateTimeConverterResolver`1.Get(DateTime value, Nullable`1 expectedPgTypeId, Boolean validateOnly)
   at Npgsql.Internal.Converters.DateTimeConverterResolver.<>c.<CreateResolver>b__0_0(DateTimeConverterResolver`1 resolver, DateTime value, Nullable`1 expectedPgTypeId)
   at Npgsql.Internal.Converters.DateTimeConverterResolver`1.Get(T value, Nullable`1 expectedPgTypeId)
   at Npgsql.Internal.PgConverterResolver`1.GetAsObjectInternal(PgTypeInfo typeInfo, Object value, Nullable`1 expectedPgTypeId)
   at Npgsql.Internal.PgResolverTypeInfo.GetResolutionAsObject(Object value, Nullable`1 expectedPgTypeId)
   at Npgsql.Internal.PgTypeInfo.GetObjectResolution(Object value)
   at Npgsql.NpgsqlParameter.ResolveConverter(PgTypeInfo typeInfo)
   at Npgsql.NpgsqlParameter.ResolveTypeInfo(PgSerializerOptions options)
   at Npgsql.NpgsqlParameterCollection.ProcessParameters(PgSerializerOptions options, Boolean validateValues, CommandType commandType)
   at Npgsql.NpgsqlCommand.ExecuteReader(Boolean async, CommandBehavior behavior, CancellationToken cancellationToken)
   at Npgsql.NpgsqlCommand.ExecuteReader(Boolean async, CommandBehavior behavior, CancellationToken cancellationToken)
   at Npgsql.NpgsqlCommand.ExecuteDbDataReaderAsync(CommandBehavior behavior, CancellationToken cancellationToken)
   at Microsoft.EntityFrameworkCore.Storage.RelationalCommand.ExecuteReaderAsync(RelationalCommandParameterObject parameterObject, CancellationToken cancellationToken)
   at Microsoft.EntityFrameworkCore.Storage.RelationalCommand.ExecuteReaderAsync(RelationalCommandParameterObject parameterObject, CancellationToken cancellationToken)
   at Microsoft.EntityFrameworkCore.Query.Internal.SingleQueryingEnumerable`1.AsyncEnumerator.InitializeReaderAsync(AsyncEnumerator enumerator, CancellationToken cancellationToken)
   at Npgsql.EntityFrameworkCore.PostgreSQL.Storage.Internal.NpgsqlExecutionStrategy.ExecuteAsync[TState,TResult](TState state, Func`4 operation, Func`4 verifySucceeded, CancellationToken cancellationToken)
   at Microsoft.EntityFrameworkCore.Query.Internal.SingleQueryingEnumerable`1.AsyncEnumerator.MoveNextAsync()
2026-04-27 07:30:32.637 +05:45 [INF] Executed action sem2week1.Controllers.StudentController.GetFilteredStudents (sem2week1) in 8.7553ms
2026-04-27 07:30:32.637 +05:45 [INF] Executed endpoint 'sem2week1.Controllers.StudentController.GetFilteredStudents (sem2week1)'
2026-04-27 07:30:32.637 +05:45 [ERR] An unhandled exception has occurred while executing the request.
System.ArgumentException: Cannot write DateTime with Kind=Local to PostgreSQL type 'timestamp with time zone', only UTC is supported. Note that it's not possible to mix DateTimes with different Kinds in an array, range, or multirange. (Parameter 'value')
   at Npgsql.Internal.Converters.DateTimeConverterResolver`1.Get(DateTime value, Nullable`1 expectedPgTypeId, Boolean validateOnly)
   at Npgsql.Internal.Converters.DateTimeConverterResolver.<>c.<CreateResolver>b__0_0(DateTimeConverterResolver`1 resolver, DateTime value, Nullable`1 expectedPgTypeId)
   at Npgsql.Internal.Converters.DateTimeConverterResolver`1.Get(T value, Nullable`1 expectedPgTypeId)
   at Npgsql.Internal.PgConverterResolver`1.GetAsObjectInternal(PgTypeInfo typeInfo, Object value, Nullable`1 expectedPgTypeId)
   at Npgsql.Internal.PgResolverTypeInfo.GetResolutionAsObject(Object value, Nullable`1 expectedPgTypeId)
   at Npgsql.Internal.PgTypeInfo.GetObjectResolution(Object value)
   at Npgsql.NpgsqlParameter.ResolveConverter(PgTypeInfo typeInfo)
   at Npgsql.NpgsqlParameter.ResolveTypeInfo(PgSerializerOptions options)
   at Npgsql.NpgsqlParameterCollection.ProcessParameters(PgSerializerOptions options, Boolean validateValues, CommandType commandType)
   at Npgsql.NpgsqlCommand.ExecuteReader(Boolean async, CommandBehavior behavior, CancellationToken cancellationToken)
   at Npgsql.NpgsqlCommand.ExecuteReader(Boolean async, CommandBehavior behavior, CancellationToken cancellationToken)
   at Npgsql.NpgsqlCommand.ExecuteDbDataReaderAsync(CommandBehavior behavior, CancellationToken cancellationToken)
   at Microsoft.EntityFrameworkCore.Storage.RelationalCommand.ExecuteReaderAsync(RelationalCommandParameterObject parameterObject, CancellationToken cancellationToken)
   at Microsoft.EntityFrameworkCore.Storage.RelationalCommand.ExecuteReaderAsync(RelationalCommandParameterObject parameterObject, CancellationToken cancellationToken)
   at Microsoft.EntityFrameworkCore.Query.Internal.SingleQueryingEnumerable`1.AsyncEnumerator.InitializeReaderAsync(AsyncEnumerator enumerator, CancellationToken cancellationToken)
   at Npgsql.EntityFrameworkCore.PostgreSQL.Storage.Internal.NpgsqlExecutionStrategy.ExecuteAsync[TState,TResult](TState state, Func`4 operation, Func`4 verifySucceeded, CancellationToken cancellationToken)
   at Microsoft.EntityFrameworkCore.Query.Internal.SingleQueryingEnumerable`1.AsyncEnumerator.MoveNextAsync()
   at Microsoft.EntityFrameworkCore.EntityFrameworkQueryableExtensions.ToListAsync[TSource](IQueryable`1 source, CancellationToken cancellationToken)
   at Microsoft.EntityFrameworkCore.EntityFrameworkQueryableExtensions.ToListAsync[TSource](IQueryable`1 source, CancellationToken cancellationToken)
   at sem2week1.Controllers.StudentController.GetFilteredStudentsIQueryable(StudentFilterDto filter) in /home/susant/RiderProjects/sem2week1/Controllers/StudentController.cs:line 175
   at sem2week1.Controllers.StudentController.GetFilteredStudents(StudentFilterDto filter, String method) in /home/susant/RiderProjects/sem2week1/Controllers/StudentController.cs:line 210
   at Microsoft.AspNetCore.Mvc.Infrastructure.ActionMethodExecutor.TaskOfIActionResultExecutor.Execute(ActionContext actionContext, IActionResultTypeMapper mapper, ObjectMethodExecutor executor, Object controller, Object[] arguments)
   at Microsoft.AspNetCore.Mvc.Infrastructure.ControllerActionInvoker.<InvokeActionMethodAsync>g__Logged|12_1(ControllerActionInvoker invoker)
   at Microsoft.AspNetCore.Mvc.Infrastructure.ControllerActionInvoker.<InvokeNextActionFilterAsync>g__Awaited|10_0(ControllerActionInvoker invoker, Task lastTask, State next, Scope scope, Object state, Boolean isCompleted)
   at Microsoft.AspNetCore.Mvc.Infrastructure.ControllerActionInvoker.Rethrow(ActionExecutedContextSealed context)
   at Microsoft.AspNetCore.Mvc.Infrastructure.ControllerActionInvoker.Next(State& next, Scope& scope, Object& state, Boolean& isCompleted)
   at Microsoft.AspNetCore.Mvc.Infrastructure.ControllerActionInvoker.InvokeInnerFilterAsync()
--- End of stack trace from previous location ---
   at Microsoft.AspNetCore.Mvc.Infrastructure.ResourceInvoker.<InvokeFilterPipelineAsync>g__Awaited|20_0(ResourceInvoker invoker, Task lastTask, State next, Scope scope, Object state, Boolean isCompleted)
   at Microsoft.AspNetCore.Mvc.Infrastructure.ResourceInvoker.<InvokeAsync>g__Logged|17_1(ResourceInvoker invoker)
   at Microsoft.AspNetCore.Mvc.Infrastructure.ResourceInvoker.<InvokeAsync>g__Logged|17_1(ResourceInvoker invoker)
   at Microsoft.AspNetCore.Routing.EndpointMiddleware.<Invoke>g__AwaitRequestTask|7_0(Endpoint endpoint, Task requestTask, ILogger logger)
   at Microsoft.AspNetCore.Authorization.AuthorizationMiddleware.Invoke(HttpContext context)
   at sem2week1.Middleware.RequestMiddleware.InvokeAsync(HttpContext context, RequestDelegate next) in /home/susant/RiderProjects/sem2week1/Middleware/Middleware.cs:line 20
   at Microsoft.AspNetCore.Builder.UseMiddlewareExtensions.InterfaceMiddlewareBinder.<>c__DisplayClass2_0.<<CreateMiddleware>b__0>d.MoveNext()
--- End of stack trace from previous location ---
   at Microsoft.AspNetCore.Authentication.AuthenticationMiddleware.Invoke(HttpContext context)
   at Swashbuckle.AspNetCore.SwaggerUI.SwaggerUIMiddleware.Invoke(HttpContext httpContext)
   at Swashbuckle.AspNetCore.Swagger.SwaggerMiddleware.Invoke(HttpContext httpContext, ISwaggerProvider swaggerProvider)
   at Microsoft.AspNetCore.Diagnostics.DeveloperExceptionPageMiddlewareImpl.Invoke(HttpContext context)
2026-04-27 07:30:32.642 +05:45 [INF] Request finished HTTP/1.1 GET http://localhost:5150/api/Student/filtered?minAge=25&method=iqueryable - 500 null text/plain; charset=utf-8 15.4665ms
2026-04-27 07:31:03.610 +05:45 [INF] Application is shutting down...
2026-04-27 07:31:54.388 +05:45 [INF] User profile is available. Using '/home/susant/.aspnet/DataProtection-Keys' as key repository; keys will not be encrypted at rest.
2026-04-27 07:31:54.509 +05:45 [INF] Now listening on: http://localhost:5150
2026-04-27 07:31:54.512 +05:45 [INF] Application started. Press Ctrl+C to shut down.
2026-04-27 07:31:54.512 +05:45 [INF] Hosting environment: Development
2026-04-27 07:31:54.513 +05:45 [INF] Content root path: /home/susant/RiderProjects/sem2week1
2026-04-27 07:32:04.121 +05:45 [INF] Request starting HTTP/1.1 GET http://localhost:5150/weatherforecast/ - null null
2026-04-27 07:32:04.143 +05:45 [WRN] Failed to determine the https port for redirect.
2026-04-27 07:32:04.156 +05:45 [INF] Executing endpoint 'HTTP: GET /weatherforecast'
2026-04-27 07:32:04.162 +05:45 [INF] Executed endpoint 'HTTP: GET /weatherforecast'
2026-04-27 07:32:04.164 +05:45 [INF] [2026-04-27 01:47:04] GET /weatherforecast/ | User:Anonymous | Status:200 | Time:7.38ms
2026-04-27 07:32:04.165 +05:45 [INF] Request finished HTTP/1.1 GET http://localhost:5150/weatherforecast/ - 200 null application/json; charset=utf-8 45.0374ms
2026-04-27 07:32:11.112 +05:45 [INF] Request starting HTTP/1.1 GET http://localhost:5150/api/Student/filtered?method=iqueryable - null null
2026-04-27 07:32:11.116 +05:45 [INF] Executing endpoint 'sem2week1.Controllers.StudentController.GetFilteredStudents (sem2week1)'
2026-04-27 07:32:11.138 +05:45 [INF] Route matched with {action = "GetFilteredStudents", controller = "Student"}. Executing controller action with signature System.Threading.Tasks.Task`1[Microsoft.AspNetCore.Mvc.IActionResult] GetFilteredStudents(sem2week1.DTOS.StudentFilterDto, System.String) on controller sem2week1.Controllers.StudentController (sem2week1).
2026-04-27 07:32:11.995 +05:45 [INF] Executed DbCommand (12ms) [Parameters=[], CommandType='"Text"', CommandTimeout='30']
SELECT s."Id", s."FirstName", s."LastName", s."DateOfBirth", s."Address", s."Email"
FROM "Students" AS s
2026-04-27 07:32:12.032 +05:45 [INF] Executing OkObjectResult, writing value of type '<>f__AnonymousType4`4[[System.String, System.Private.CoreLib, Version=8.0.0.0, Culture=neutral, PublicKeyToken=7cec85d7bea7798e],[System.Int64, System.Private.CoreLib, Version=8.0.0.0, Culture=neutral, PublicKeyToken=7cec85d7bea7798e],[System.Int32, System.Private.CoreLib, Version=8.0.0.0, Culture=neutral, PublicKeyToken=7cec85d7bea7798e],[System.Collections.Generic.List`1[[sem2week1.DTOS.StudentResponseDto, sem2week1, Version=1.0.0.0, Culture=neutral, PublicKeyToken=null]], System.Private.CoreLib, Version=8.0.0.0, Culture=neutral, PublicKeyToken=7cec85d7bea7798e]]'.
2026-04-27 07:32:12.042 +05:45 [INF] Executed action sem2week1.Controllers.StudentController.GetFilteredStudents (sem2week1) in 901.9161ms
2026-04-27 07:32:12.042 +05:45 [INF] Executed endpoint 'sem2week1.Controllers.StudentController.GetFilteredStudents (sem2week1)'
2026-04-27 07:32:12.043 +05:45 [INF] [2026-04-27 01:47:11] GET /api/Student/filtered | User:Anonymous | Status:200 | Time:926.86ms
2026-04-27 07:32:12.047 +05:45 [INF] Request finished HTTP/1.1 GET http://localhost:5150/api/Student/filtered?method=iqueryable - 200 null application/json; charset=utf-8 935.4973ms
2026-04-27 07:32:12.054 +05:45 [INF] Request starting HTTP/1.1 GET http://localhost:5150/api/Student/filtered?method=ienumerable - null null
2026-04-27 07:32:12.057 +05:45 [INF] Executing endpoint 'sem2week1.Controllers.StudentController.GetFilteredStudents (sem2week1)'
2026-04-27 07:32:12.058 +05:45 [INF] Route matched with {action = "GetFilteredStudents", controller = "Student"}. Executing controller action with signature System.Threading.Tasks.Task`1[Microsoft.AspNetCore.Mvc.IActionResult] GetFilteredStudents(sem2week1.DTOS.StudentFilterDto, System.String) on controller sem2week1.Controllers.StudentController (sem2week1).
2026-04-27 07:32:12.087 +05:45 [INF] Executed DbCommand (2ms) [Parameters=[], CommandType='"Text"', CommandTimeout='30']
SELECT s."Id", s."Address", s."DateOfBirth", s."Email", s."FirstName", s."LastName", s."Phone"
FROM "Students" AS s
2026-04-27 07:32:12.112 +05:45 [INF] Executing OkObjectResult, writing value of type '<>f__AnonymousType4`4[[System.String, System.Private.CoreLib, Version=8.0.0.0, Culture=neutral, PublicKeyToken=7cec85d7bea7798e],[System.Int64, System.Private.CoreLib, Version=8.0.0.0, Culture=neutral, PublicKeyToken=7cec85d7bea7798e],[System.Int32, System.Private.CoreLib, Version=8.0.0.0, Culture=neutral, PublicKeyToken=7cec85d7bea7798e],[System.Collections.Generic.List`1[[sem2week1.DTOS.StudentResponseDto, sem2week1, Version=1.0.0.0, Culture=neutral, PublicKeyToken=null]], System.Private.CoreLib, Version=8.0.0.0, Culture=neutral, PublicKeyToken=7cec85d7bea7798e]]'.
2026-04-27 07:32:12.113 +05:45 [INF] Executed action sem2week1.Controllers.StudentController.GetFilteredStudents (sem2week1) in 55.1407ms
2026-04-27 07:32:12.113 +05:45 [INF] Executed endpoint 'sem2week1.Controllers.StudentController.GetFilteredStudents (sem2week1)'
2026-04-27 07:32:12.113 +05:45 [INF] [2026-04-27 01:47:12] GET /api/Student/filtered | User:Anonymous | Status:200 | Time:55.78ms
2026-04-27 07:32:12.113 +05:45 [INF] Request finished HTTP/1.1 GET http://localhost:5150/api/Student/filtered?method=ienumerable - 200 null application/json; charset=utf-8 59.5749ms
2026-04-27 07:32:12.122 +05:45 [INF] Request starting HTTP/1.1 GET http://localhost:5150/api/Student/filtered?minAge=25&method=iqueryable - null null
2026-04-27 07:32:12.123 +05:45 [INF] Executing endpoint 'sem2week1.Controllers.StudentController.GetFilteredStudents (sem2week1)'
2026-04-27 07:32:12.123 +05:45 [INF] Route matched with {action = "GetFilteredStudents", controller = "Student"}. Executing controller action with signature System.Threading.Tasks.Task`1[Microsoft.AspNetCore.Mvc.IActionResult] GetFilteredStudents(sem2week1.DTOS.StudentFilterDto, System.String) on controller sem2week1.Controllers.StudentController (sem2week1).
2026-04-27 07:32:12.189 +05:45 [INF] Executed DbCommand (6ms) [Parameters=[@__maxDateOfBirth_0='?' (DbType = DateTime)], CommandType='"Text"', CommandTimeout='30']
SELECT s."Id", s."FirstName", s."LastName", s."DateOfBirth", s."Address", s."Email"
FROM "Students" AS s
WHERE s."DateOfBirth" <= @__maxDateOfBirth_0
2026-04-27 07:32:12.190 +05:45 [INF] Executing OkObjectResult, writing value of type '<>f__AnonymousType4`4[[System.String, System.Private.CoreLib, Version=8.0.0.0, Culture=neutral, PublicKeyToken=7cec85d7bea7798e],[System.Int64, System.Private.CoreLib, Version=8.0.0.0, Culture=neutral, PublicKeyToken=7cec85d7bea7798e],[System.Int32, System.Private.CoreLib, Version=8.0.0.0, Culture=neutral, PublicKeyToken=7cec85d7bea7798e],[System.Collections.Generic.List`1[[sem2week1.DTOS.StudentResponseDto, sem2week1, Version=1.0.0.0, Culture=neutral, PublicKeyToken=null]], System.Private.CoreLib, Version=8.0.0.0, Culture=neutral, PublicKeyToken=7cec85d7bea7798e]]'.
2026-04-27 07:32:12.190 +05:45 [INF] Executed action sem2week1.Controllers.StudentController.GetFilteredStudents (sem2week1) in 66.9547ms
2026-04-27 07:32:12.190 +05:45 [INF] Executed endpoint 'sem2week1.Controllers.StudentController.GetFilteredStudents (sem2week1)'
2026-04-27 07:32:12.190 +05:45 [INF] [2026-04-27 01:47:12] GET /api/Student/filtered | User:Anonymous | Status:200 | Time:67.47ms
2026-04-27 07:32:12.190 +05:45 [INF] Request finished HTTP/1.1 GET http://localhost:5150/api/Student/filtered?minAge=25&method=iqueryable - 200 null application/json; charset=utf-8 67.9655ms
2026-04-27 07:32:12.200 +05:45 [INF] Request starting HTTP/1.1 GET http://localhost:5150/api/Student/filtered?minAge=25&method=ienumerable - null null
2026-04-27 07:32:12.200 +05:45 [INF] Executing endpoint 'sem2week1.Controllers.StudentController.GetFilteredStudents (sem2week1)'
2026-04-27 07:32:12.201 +05:45 [INF] Route matched with {action = "GetFilteredStudents", controller = "Student"}. Executing controller action with signature System.Threading.Tasks.Task`1[Microsoft.AspNetCore.Mvc.IActionResult] GetFilteredStudents(sem2week1.DTOS.StudentFilterDto, System.String) on controller sem2week1.Controllers.StudentController (sem2week1).
2026-04-27 07:32:12.202 +05:45 [INF] Executed DbCommand (1ms) [Parameters=[], CommandType='"Text"', CommandTimeout='30']
SELECT s."Id", s."Address", s."DateOfBirth", s."Email", s."FirstName", s."LastName", s."Phone"
FROM "Students" AS s
2026-04-27 07:32:12.203 +05:45 [INF] Executing OkObjectResult, writing value of type '<>f__AnonymousType4`4[[System.String, System.Private.CoreLib, Version=8.0.0.0, Culture=neutral, PublicKeyToken=7cec85d7bea7798e],[System.Int64, System.Private.CoreLib, Version=8.0.0.0, Culture=neutral, PublicKeyToken=7cec85d7bea7798e],[System.Int32, System.Private.CoreLib, Version=8.0.0.0, Culture=neutral, PublicKeyToken=7cec85d7bea7798e],[System.Collections.Generic.List`1[[sem2week1.DTOS.StudentResponseDto, sem2week1, Version=1.0.0.0, Culture=neutral, PublicKeyToken=null]], System.Private.CoreLib, Version=8.0.0.0, Culture=neutral, PublicKeyToken=7cec85d7bea7798e]]'.
2026-04-27 07:32:12.203 +05:45 [INF] Executed action sem2week1.Controllers.StudentController.GetFilteredStudents (sem2week1) in 2.5241ms
2026-04-27 07:32:12.203 +05:45 [INF] Executed endpoint 'sem2week1.Controllers.StudentController.GetFilteredStudents (sem2week1)'
2026-04-27 07:32:12.203 +05:45 [INF] [2026-04-27 01:47:12] GET /api/Student/filtered | User:Anonymous | Status:200 | Time:2.79ms
2026-04-27 07:32:12.203 +05:45 [INF] Request finished HTTP/1.1 GET http://localhost:5150/api/Student/filtered?minAge=25&method=ienumerable - 200 null application/json; charset=utf-8 3.1476ms
2026-04-27 07:32:12.223 +05:45 [INF] Request starting HTTP/1.1 GET http://localhost:5150/api/Student/filtered?maxAge=25&method=iqueryable - null null
2026-04-27 07:32:12.224 +05:45 [INF] Executing endpoint 'sem2week1.Controllers.StudentController.GetFilteredStudents (sem2week1)'
2026-04-27 07:32:12.224 +05:45 [INF] Route matched with {action = "GetFilteredStudents", controller = "Student"}. Executing controller action with signature System.Threading.Tasks.Task`1[Microsoft.AspNetCore.Mvc.IActionResult] GetFilteredStudents(sem2week1.DTOS.StudentFilterDto, System.String) on controller sem2week1.Controllers.StudentController (sem2week1).
2026-04-27 07:32:12.228 +05:45 [INF] Executed DbCommand (1ms) [Parameters=[@__minDateOfBirth_0='?' (DbType = DateTime)], CommandType='"Text"', CommandTimeout='30']
SELECT s."Id", s."FirstName", s."LastName", s."DateOfBirth", s."Address", s."Email"
FROM "Students" AS s
WHERE s."DateOfBirth" >= @__minDateOfBirth_0
2026-04-27 07:32:12.229 +05:45 [INF] Executing OkObjectResult, writing value of type '<>f__AnonymousType4`4[[System.String, System.Private.CoreLib, Version=8.0.0.0, Culture=neutral, PublicKeyToken=7cec85d7bea7798e],[System.Int64, System.Private.CoreLib, Version=8.0.0.0, Culture=neutral, PublicKeyToken=7cec85d7bea7798e],[System.Int32, System.Private.CoreLib, Version=8.0.0.0, Culture=neutral, PublicKeyToken=7cec85d7bea7798e],[System.Collections.Generic.List`1[[sem2week1.DTOS.StudentResponseDto, sem2week1, Version=1.0.0.0, Culture=neutral, PublicKeyToken=null]], System.Private.CoreLib, Version=8.0.0.0, Culture=neutral, PublicKeyToken=7cec85d7bea7798e]]'.
2026-04-27 07:32:12.229 +05:45 [INF] Executed action sem2week1.Controllers.StudentController.GetFilteredStudents (sem2week1) in 5.1597ms
2026-04-27 07:32:12.229 +05:45 [INF] Executed endpoint 'sem2week1.Controllers.StudentController.GetFilteredStudents (sem2week1)'
2026-04-27 07:32:12.229 +05:45 [INF] [2026-04-27 01:47:12] GET /api/Student/filtered | User:Anonymous | Status:200 | Time:5.59ms
2026-04-27 07:32:12.230 +05:45 [INF] Request finished HTTP/1.1 GET http://localhost:5150/api/Student/filtered?maxAge=25&method=iqueryable - 200 null application/json; charset=utf-8 6.1169ms
2026-04-27 07:32:12.249 +05:45 [INF] Request starting HTTP/1.1 GET http://localhost:5150/api/Student/filtered?maxAge=25&method=ienumerable - null null
2026-04-27 07:32:12.250 +05:45 [INF] Executing endpoint 'sem2week1.Controllers.StudentController.GetFilteredStudents (sem2week1)'
2026-04-27 07:32:12.250 +05:45 [INF] Route matched with {action = "GetFilteredStudents", controller = "Student"}. Executing controller action with signature System.Threading.Tasks.Task`1[Microsoft.AspNetCore.Mvc.IActionResult] GetFilteredStudents(sem2week1.DTOS.StudentFilterDto, System.String) on controller sem2week1.Controllers.StudentController (sem2week1).
2026-04-27 07:32:12.251 +05:45 [INF] Executed DbCommand (0ms) [Parameters=[], CommandType='"Text"', CommandTimeout='30']
SELECT s."Id", s."Address", s."DateOfBirth", s."Email", s."FirstName", s."LastName", s."Phone"
FROM "Students" AS s
2026-04-27 07:32:12.252 +05:45 [INF] Executing OkObjectResult, writing value of type '<>f__AnonymousType4`4[[System.String, System.Private.CoreLib, Version=8.0.0.0, Culture=neutral, PublicKeyToken=7cec85d7bea7798e],[System.Int64, System.Private.CoreLib, Version=8.0.0.0, Culture=neutral, PublicKeyToken=7cec85d7bea7798e],[System.Int32, System.Private.CoreLib, Version=8.0.0.0, Culture=neutral, PublicKeyToken=7cec85d7bea7798e],[System.Collections.Generic.List`1[[sem2week1.DTOS.StudentResponseDto, sem2week1, Version=1.0.0.0, Culture=neutral, PublicKeyToken=null]], System.Private.CoreLib, Version=8.0.0.0, Culture=neutral, PublicKeyToken=7cec85d7bea7798e]]'.
2026-04-27 07:32:12.252 +05:45 [INF] Executed action sem2week1.Controllers.StudentController.GetFilteredStudents (sem2week1) in 2.1766ms
2026-04-27 07:32:12.252 +05:45 [INF] Executed endpoint 'sem2week1.Controllers.StudentController.GetFilteredStudents (sem2week1)'
2026-04-27 07:32:12.252 +05:45 [INF] [2026-04-27 01:47:12] GET /api/Student/filtered | User:Anonymous | Status:200 | Time:2.51ms
2026-04-27 07:32:12.252 +05:45 [INF] Request finished HTTP/1.1 GET http://localhost:5150/api/Student/filtered?maxAge=25&method=ienumerable - 200 null application/json; charset=utf-8 2.8912ms
2026-04-27 07:32:22.525 +05:45 [INF] Request starting HTTP/1.1 GET http://localhost:5150/api/Student/filtered?address=St&method=iqueryable - null null
2026-04-27 07:32:22.526 +05:45 [INF] Executing endpoint 'sem2week1.Controllers.StudentController.GetFilteredStudents (sem2week1)'
2026-04-27 07:32:22.526 +05:45 [INF] Route matched with {action = "GetFilteredStudents", controller = "Student"}. Executing controller action with signature System.Threading.Tasks.Task`1[Microsoft.AspNetCore.Mvc.IActionResult] GetFilteredStudents(sem2week1.DTOS.StudentFilterDto, System.String) on controller sem2week1.Controllers.StudentController (sem2week1).
2026-04-27 07:32:22.557 +05:45 [INF] Executed DbCommand (3ms) [Parameters=[@__filter_Address_0_contains='?'], CommandType='"Text"', CommandTimeout='30']
SELECT s."Id", s."FirstName", s."LastName", s."DateOfBirth", s."Address", s."Email"
FROM "Students" AS s
WHERE s."Address" LIKE @__filter_Address_0_contains
2026-04-27 07:32:22.557 +05:45 [INF] Executing OkObjectResult, writing value of type '<>f__AnonymousType4`4[[System.String, System.Private.CoreLib, Version=8.0.0.0, Culture=neutral, PublicKeyToken=7cec85d7bea7798e],[System.Int64, System.Private.CoreLib, Version=8.0.0.0, Culture=neutral, PublicKeyToken=7cec85d7bea7798e],[System.Int32, System.Private.CoreLib, Version=8.0.0.0, Culture=neutral, PublicKeyToken=7cec85d7bea7798e],[System.Collections.Generic.List`1[[sem2week1.DTOS.StudentResponseDto, sem2week1, Version=1.0.0.0, Culture=neutral, PublicKeyToken=null]], System.Private.CoreLib, Version=8.0.0.0, Culture=neutral, PublicKeyToken=7cec85d7bea7798e]]'.
2026-04-27 07:32:22.558 +05:45 [INF] Executed action sem2week1.Controllers.StudentController.GetFilteredStudents (sem2week1) in 31.7764ms
2026-04-27 07:32:22.558 +05:45 [INF] Executed endpoint 'sem2week1.Controllers.StudentController.GetFilteredStudents (sem2week1)'
2026-04-27 07:32:22.559 +05:45 [INF] [2026-04-27 01:47:22] GET /api/Student/filtered | User:Anonymous | Status:200 | Time:32.47ms
2026-04-27 07:32:22.559 +05:45 [INF] Request finished HTTP/1.1 GET http://localhost:5150/api/Student/filtered?address=St&method=iqueryable - 200 null application/json; charset=utf-8 33.9679ms
2026-04-27 07:32:22.597 +05:45 [INF] Request starting HTTP/1.1 GET http://localhost:5150/api/Student/filtered?address=St&method=ienumerable - null null
2026-04-27 07:32:22.598 +05:45 [INF] Executing endpoint 'sem2week1.Controllers.StudentController.GetFilteredStudents (sem2week1)'
2026-04-27 07:32:22.598 +05:45 [INF] Route matched with {action = "GetFilteredStudents", controller = "Student"}. Executing controller action with signature System.Threading.Tasks.Task`1[Microsoft.AspNetCore.Mvc.IActionResult] GetFilteredStudents(sem2week1.DTOS.StudentFilterDto, System.String) on controller sem2week1.Controllers.StudentController (sem2week1).
2026-04-27 07:32:22.600 +05:45 [INF] Executed DbCommand (1ms) [Parameters=[], CommandType='"Text"', CommandTimeout='30']
SELECT s."Id", s."Address", s."DateOfBirth", s."Email", s."FirstName", s."LastName", s."Phone"
FROM "Students" AS s
2026-04-27 07:32:22.602 +05:45 [INF] Executing OkObjectResult, writing value of type '<>f__AnonymousType4`4[[System.String, System.Private.CoreLib, Version=8.0.0.0, Culture=neutral, PublicKeyToken=7cec85d7bea7798e],[System.Int64, System.Private.CoreLib, Version=8.0.0.0, Culture=neutral, PublicKeyToken=7cec85d7bea7798e],[System.Int32, System.Private.CoreLib, Version=8.0.0.0, Culture=neutral, PublicKeyToken=7cec85d7bea7798e],[System.Collections.Generic.List`1[[sem2week1.DTOS.StudentResponseDto, sem2week1, Version=1.0.0.0, Culture=neutral, PublicKeyToken=null]], System.Private.CoreLib, Version=8.0.0.0, Culture=neutral, PublicKeyToken=7cec85d7bea7798e]]'.
2026-04-27 07:32:22.604 +05:45 [INF] Executed action sem2week1.Controllers.StudentController.GetFilteredStudents (sem2week1) in 5.5156ms
2026-04-27 07:32:22.604 +05:45 [INF] Executed endpoint 'sem2week1.Controllers.StudentController.GetFilteredStudents (sem2week1)'
2026-04-27 07:32:22.604 +05:45 [INF] [2026-04-27 01:47:22] GET /api/Student/filtered | User:Anonymous | Status:200 | Time:6.13ms
2026-04-27 07:32:22.605 +05:45 [INF] Request finished HTTP/1.1 GET http://localhost:5150/api/Student/filtered?address=St&method=ienumerable - 200 null application/json; charset=utf-8 7.2329ms
2026-04-27 07:32:22.619 +05:45 [INF] Request starting HTTP/1.1 GET http://localhost:5150/api/Student/filtered?minAge=20&maxAge=30&address=Main&method=iqueryable - null null
2026-04-27 07:32:22.619 +05:45 [INF] Executing endpoint 'sem2week1.Controllers.StudentController.GetFilteredStudents (sem2week1)'
2026-04-27 07:32:22.620 +05:45 [INF] Route matched with {action = "GetFilteredStudents", controller = "Student"}. Executing controller action with signature System.Threading.Tasks.Task`1[Microsoft.AspNetCore.Mvc.IActionResult] GetFilteredStudents(sem2week1.DTOS.StudentFilterDto, System.String) on controller sem2week1.Controllers.StudentController (sem2week1).
2026-04-27 07:32:22.630 +05:45 [INF] Executed DbCommand (1ms) [Parameters=[@__maxDateOfBirth_0='?' (DbType = DateTime), @__minDateOfBirth_1='?' (DbType = DateTime), @__filter_Address_2_contains='?'], CommandType='"Text"', CommandTimeout='30']
SELECT s."Id", s."FirstName", s."LastName", s."DateOfBirth", s."Address", s."Email"
FROM "Students" AS s
WHERE s."DateOfBirth" <= @__maxDateOfBirth_0 AND s."DateOfBirth" >= @__minDateOfBirth_1 AND s."Address" LIKE @__filter_Address_2_contains
2026-04-27 07:32:22.630 +05:45 [INF] Executing OkObjectResult, writing value of type '<>f__AnonymousType4`4[[System.String, System.Private.CoreLib, Version=8.0.0.0, Culture=neutral, PublicKeyToken=7cec85d7bea7798e],[System.Int64, System.Private.CoreLib, Version=8.0.0.0, Culture=neutral, PublicKeyToken=7cec85d7bea7798e],[System.Int32, System.Private.CoreLib, Version=8.0.0.0, Culture=neutral, PublicKeyToken=7cec85d7bea7798e],[System.Collections.Generic.List`1[[sem2week1.DTOS.StudentResponseDto, sem2week1, Version=1.0.0.0, Culture=neutral, PublicKeyToken=null]], System.Private.CoreLib, Version=8.0.0.0, Culture=neutral, PublicKeyToken=7cec85d7bea7798e]]'.
2026-04-27 07:32:22.631 +05:45 [INF] Executed action sem2week1.Controllers.StudentController.GetFilteredStudents (sem2week1) in 11.2973ms
2026-04-27 07:32:22.631 +05:45 [INF] Executed endpoint 'sem2week1.Controllers.StudentController.GetFilteredStudents (sem2week1)'
2026-04-27 07:32:22.631 +05:45 [INF] [2026-04-27 01:47:22] GET /api/Student/filtered | User:Anonymous | Status:200 | Time:11.77ms
2026-04-27 07:32:22.632 +05:45 [INF] Request finished HTTP/1.1 GET http://localhost:5150/api/Student/filtered?minAge=20&maxAge=30&address=Main&method=iqueryable - 200 null application/json; charset=utf-8 12.6107ms
2026-04-27 07:32:22.658 +05:45 [INF] Request starting HTTP/1.1 GET http://localhost:5150/api/Student/filtered?minAge=20&maxAge=30&address=Main&method=ienumerable - null null
2026-04-27 07:32:22.659 +05:45 [INF] Executing endpoint 'sem2week1.Controllers.StudentController.GetFilteredStudents (sem2week1)'
2026-04-27 07:32:22.659 +05:45 [INF] Route matched with {action = "GetFilteredStudents", controller = "Student"}. Executing controller action with signature System.Threading.Tasks.Task`1[Microsoft.AspNetCore.Mvc.IActionResult] GetFilteredStudents(sem2week1.DTOS.StudentFilterDto, System.String) on controller sem2week1.Controllers.StudentController (sem2week1).
2026-04-27 07:32:22.661 +05:45 [INF] Executed DbCommand (1ms) [Parameters=[], CommandType='"Text"', CommandTimeout='30']
SELECT s."Id", s."Address", s."DateOfBirth", s."Email", s."FirstName", s."LastName", s."Phone"
FROM "Students" AS s
2026-04-27 07:32:22.662 +05:45 [INF] Executing OkObjectResult, writing value of type '<>f__AnonymousType4`4[[System.String, System.Private.CoreLib, Version=8.0.0.0, Culture=neutral, PublicKeyToken=7cec85d7bea7798e],[System.Int64, System.Private.CoreLib, Version=8.0.0.0, Culture=neutral, PublicKeyToken=7cec85d7bea7798e],[System.Int32, System.Private.CoreLib, Version=8.0.0.0, Culture=neutral, PublicKeyToken=7cec85d7bea7798e],[System.Collections.Generic.List`1[[sem2week1.DTOS.StudentResponseDto, sem2week1, Version=1.0.0.0, Culture=neutral, PublicKeyToken=null]], System.Private.CoreLib, Version=8.0.0.0, Culture=neutral, PublicKeyToken=7cec85d7bea7798e]]'.
2026-04-27 07:32:22.662 +05:45 [INF] Executed action sem2week1.Controllers.StudentController.GetFilteredStudents (sem2week1) in 2.9839ms
2026-04-27 07:32:22.662 +05:45 [INF] Executed endpoint 'sem2week1.Controllers.StudentController.GetFilteredStudents (sem2week1)'
2026-04-27 07:32:22.662 +05:45 [INF] [2026-04-27 01:47:22] GET /api/Student/filtered | User:Anonymous | Status:200 | Time:3.43ms
2026-04-27 07:32:22.663 +05:45 [INF] Request finished HTTP/1.1 GET http://localhost:5150/api/Student/filtered?minAge=20&maxAge=30&address=Main&method=ienumerable - 200 null application/json; charset=utf-8 4.0322ms
2026-04-27 07:32:38.064 +05:45 [INF] Request starting HTTP/1.1 GET http://localhost:5150/api/Student/getAll - null null
2026-04-27 07:32:38.064 +05:45 [INF] Executing endpoint 'sem2week1.Controllers.StudentController.GetAllStudents (sem2week1)'
2026-04-27 07:32:38.067 +05:45 [INF] Route matched with {action = "GetAllStudents", controller = "Student"}. Executing controller action with signature System.Threading.Tasks.Task`1[Microsoft.AspNetCore.Mvc.ActionResult`1[System.Collections.Generic.List`1[sem2week1.Database.Entities.Student]]] GetAllStudents() on controller sem2week1.Controllers.StudentController (sem2week1).
2026-04-27 07:32:38.069 +05:45 [INF] Executed DbCommand (1ms) [Parameters=[], CommandType='"Text"', CommandTimeout='30']
SELECT s."Id", s."Address", s."DateOfBirth", s."Email", s."FirstName", s."LastName", s."Phone"
FROM "Students" AS s
2026-04-27 07:32:38.070 +05:45 [INF] Executing OkObjectResult, writing value of type 'System.Collections.Generic.List`1[[sem2week1.Database.Entities.Student, sem2week1, Version=1.0.0.0, Culture=neutral, PublicKeyToken=null]]'.
2026-04-27 07:32:38.074 +05:45 [INF] Executed action sem2week1.Controllers.StudentController.GetAllStudents (sem2week1) in 6.5711ms
2026-04-27 07:32:38.074 +05:45 [INF] Executed endpoint 'sem2week1.Controllers.StudentController.GetAllStudents (sem2week1)'
2026-04-27 07:32:38.074 +05:45 [INF] [2026-04-27 01:47:38] GET /api/Student/getAll | User:Anonymous | Status:200 | Time:9.63ms
2026-04-27 07:32:38.074 +05:45 [INF] Request finished HTTP/1.1 GET http://localhost:5150/api/Student/getAll - 200 null application/json; charset=utf-8 10.1728ms
2026-04-27 07:32:49.425 +05:45 [INF] Request starting HTTP/1.1 GET http://localhost:5150/api/Student/filtered?address=St&method=ienumerable - null null
2026-04-27 07:32:49.425 +05:45 [INF] Executing endpoint 'sem2week1.Controllers.StudentController.GetFilteredStudents (sem2week1)'
2026-04-27 07:32:49.425 +05:45 [INF] Route matched with {action = "GetFilteredStudents", controller = "Student"}. Executing controller action with signature System.Threading.Tasks.Task`1[Microsoft.AspNetCore.Mvc.IActionResult] GetFilteredStudents(sem2week1.DTOS.StudentFilterDto, System.String) on controller sem2week1.Controllers.StudentController (sem2week1).
2026-04-27 07:32:49.426 +05:45 [INF] Executed DbCommand (0ms) [Parameters=[], CommandType='"Text"', CommandTimeout='30']
SELECT s."Id", s."Address", s."DateOfBirth", s."Email", s."FirstName", s."LastName", s."Phone"
FROM "Students" AS s
2026-04-27 07:32:49.427 +05:45 [INF] Executing OkObjectResult, writing value of type '<>f__AnonymousType4`4[[System.String, System.Private.CoreLib, Version=8.0.0.0, Culture=neutral, PublicKeyToken=7cec85d7bea7798e],[System.Int64, System.Private.CoreLib, Version=8.0.0.0, Culture=neutral, PublicKeyToken=7cec85d7bea7798e],[System.Int32, System.Private.CoreLib, Version=8.0.0.0, Culture=neutral, PublicKeyToken=7cec85d7bea7798e],[System.Collections.Generic.List`1[[sem2week1.DTOS.StudentResponseDto, sem2week1, Version=1.0.0.0, Culture=neutral, PublicKeyToken=null]], System.Private.CoreLib, Version=8.0.0.0, Culture=neutral, PublicKeyToken=7cec85d7bea7798e]]'.
2026-04-27 07:32:49.427 +05:45 [INF] Executed action sem2week1.Controllers.StudentController.GetFilteredStudents (sem2week1) in 2.0901ms
2026-04-27 07:32:49.427 +05:45 [INF] Executed endpoint 'sem2week1.Controllers.StudentController.GetFilteredStudents (sem2week1)'
2026-04-27 07:32:49.427 +05:45 [INF] [2026-04-27 01:47:49] GET /api/Student/filtered | User:Anonymous | Status:200 | Time:2.29ms
2026-04-27 07:32:49.427 +05:45 [INF] Request finished HTTP/1.1 GET http://localhost:5150/api/Student/filtered?address=St&method=ienumerable - 200 null application/json; charset=utf-8 2.6017ms
2026-04-27 07:32:49.444 +05:45 [INF] Request starting HTTP/1.1 GET http://localhost:5150/api/Student/filtered?address=St&method=iqueryable - null null
2026-04-27 07:32:49.444 +05:45 [INF] Executing endpoint 'sem2week1.Controllers.StudentController.GetFilteredStudents (sem2week1)'
2026-04-27 07:32:49.444 +05:45 [INF] Route matched with {action = "GetFilteredStudents", controller = "Student"}. Executing controller action with signature System.Threading.Tasks.Task`1[Microsoft.AspNetCore.Mvc.IActionResult] GetFilteredStudents(sem2week1.DTOS.StudentFilterDto, System.String) on controller sem2week1.Controllers.StudentController (sem2week1).
2026-04-27 07:32:49.448 +05:45 [INF] Executed DbCommand (1ms) [Parameters=[@__filter_Address_0_contains='?'], CommandType='"Text"', CommandTimeout='30']
SELECT s."Id", s."FirstName", s."LastName", s."DateOfBirth", s."Address", s."Email"
FROM "Students" AS s
WHERE s."Address" LIKE @__filter_Address_0_contains
2026-04-27 07:32:49.448 +05:45 [INF] Executing OkObjectResult, writing value of type '<>f__AnonymousType4`4[[System.String, System.Private.CoreLib, Version=8.0.0.0, Culture=neutral, PublicKeyToken=7cec85d7bea7798e],[System.Int64, System.Private.CoreLib, Version=8.0.0.0, Culture=neutral, PublicKeyToken=7cec85d7bea7798e],[System.Int32, System.Private.CoreLib, Version=8.0.0.0, Culture=neutral, PublicKeyToken=7cec85d7bea7798e],[System.Collections.Generic.List`1[[sem2week1.DTOS.StudentResponseDto, sem2week1, Version=1.0.0.0, Culture=neutral, PublicKeyToken=null]], System.Private.CoreLib, Version=8.0.0.0, Culture=neutral, PublicKeyToken=7cec85d7bea7798e]]'.
2026-04-27 07:32:49.448 +05:45 [INF] Executed action sem2week1.Controllers.StudentController.GetFilteredStudents (sem2week1) in 4.3523ms
2026-04-27 07:32:49.448 +05:45 [INF] Executed endpoint 'sem2week1.Controllers.StudentController.GetFilteredStudents (sem2week1)'
2026-04-27 07:32:49.448 +05:45 [INF] [2026-04-27 01:47:49] GET /api/Student/filtered | User:Anonymous | Status:200 | Time:4.56ms
2026-04-27 07:32:49.448 +05:45 [INF] Request finished HTTP/1.1 GET http://localhost:5150/api/Student/filtered?address=St&method=iqueryable - 200 null application/json; charset=utf-8 4.8628ms
2026-04-27 07:33:00.791 +05:45 [INF] Request starting HTTP/1.1 GET http://localhost:5150/api/Student/getAll - null null
2026-04-27 07:33:00.791 +05:45 [INF] Executing endpoint 'sem2week1.Controllers.StudentController.GetAllStudents (sem2week1)'
2026-04-27 07:33:00.791 +05:45 [INF] Route matched with {action = "GetAllStudents", controller = "Student"}. Executing controller action with signature System.Threading.Tasks.Task`1[Microsoft.AspNetCore.Mvc.ActionResult`1[System.Collections.Generic.List`1[sem2week1.Database.Entities.Student]]] GetAllStudents() on controller sem2week1.Controllers.StudentController (sem2week1).
2026-04-27 07:33:00.793 +05:45 [INF] Executed DbCommand (1ms) [Parameters=[], CommandType='"Text"', CommandTimeout='30']
SELECT s."Id", s."Address", s."DateOfBirth", s."Email", s."FirstName", s."LastName", s."Phone"
FROM "Students" AS s
2026-04-27 07:33:00.794 +05:45 [INF] Executing OkObjectResult, writing value of type 'System.Collections.Generic.List`1[[sem2week1.Database.Entities.Student, sem2week1, Version=1.0.0.0, Culture=neutral, PublicKeyToken=null]]'.
2026-04-27 07:33:00.794 +05:45 [INF] Executed action sem2week1.Controllers.StudentController.GetAllStudents (sem2week1) in 2.3357ms
2026-04-27 07:33:00.794 +05:45 [INF] Executed endpoint 'sem2week1.Controllers.StudentController.GetAllStudents (sem2week1)'
2026-04-27 07:33:00.794 +05:45 [INF] [2026-04-27 01:48:00] GET /api/Student/getAll | User:Anonymous | Status:200 | Time:2.62ms
2026-04-27 07:33:00.794 +05:45 [INF] Request finished HTTP/1.1 GET http://localhost:5150/api/Student/getAll - 200 null application/json; charset=utf-8 3.0491ms
2026-04-27 07:33:12.139 +05:45 [INF] Request starting HTTP/1.1 GET http://localhost:5150/api/Student/filtered?address=St&method=ienumerable - null null
2026-04-27 07:33:12.139 +05:45 [INF] Executing endpoint 'sem2week1.Controllers.StudentController.GetFilteredStudents (sem2week1)'
2026-04-27 07:33:12.139 +05:45 [INF] Route matched with {action = "GetFilteredStudents", controller = "Student"}. Executing controller action with signature System.Threading.Tasks.Task`1[Microsoft.AspNetCore.Mvc.IActionResult] GetFilteredStudents(sem2week1.DTOS.StudentFilterDto, System.String) on controller sem2week1.Controllers.StudentController (sem2week1).
2026-04-27 07:33:12.141 +05:45 [INF] Executed DbCommand (1ms) [Parameters=[], CommandType='"Text"', CommandTimeout='30']
SELECT s."Id", s."Address", s."DateOfBirth", s."Email", s."FirstName", s."LastName", s."Phone"
FROM "Students" AS s
2026-04-27 07:33:12.142 +05:45 [INF] Executing OkObjectResult, writing value of type '<>f__AnonymousType4`4[[System.String, System.Private.CoreLib, Version=8.0.0.0, Culture=neutral, PublicKeyToken=7cec85d7bea7798e],[System.Int64, System.Private.CoreLib, Version=8.0.0.0, Culture=neutral, PublicKeyToken=7cec85d7bea7798e],[System.Int32, System.Private.CoreLib, Version=8.0.0.0, Culture=neutral, PublicKeyToken=7cec85d7bea7798e],[System.Collections.Generic.List`1[[sem2week1.DTOS.StudentResponseDto, sem2week1, Version=1.0.0.0, Culture=neutral, PublicKeyToken=null]], System.Private.CoreLib, Version=8.0.0.0, Culture=neutral, PublicKeyToken=7cec85d7bea7798e]]'.
2026-04-27 07:33:12.142 +05:45 [INF] Executed action sem2week1.Controllers.StudentController.GetFilteredStudents (sem2week1) in 2.2401ms
2026-04-27 07:33:12.142 +05:45 [INF] Executed endpoint 'sem2week1.Controllers.StudentController.GetFilteredStudents (sem2week1)'
2026-04-27 07:33:12.142 +05:45 [INF] [2026-04-27 01:48:12] GET /api/Student/filtered | User:Anonymous | Status:200 | Time:2.54ms
2026-04-27 07:33:12.142 +05:45 [INF] Request finished HTTP/1.1 GET http://localhost:5150/api/Student/filtered?address=St&method=ienumerable - 200 null application/json; charset=utf-8 2.8818ms
2026-04-27 07:33:21.214 +05:45 [INF] Request starting HTTP/1.1 GET http://localhost:5150/api/Student/filtered?address=St&method=ienumerable - null null
2026-04-27 07:33:21.214 +05:45 [INF] Executing endpoint 'sem2week1.Controllers.StudentController.GetFilteredStudents (sem2week1)'
2026-04-27 07:33:21.214 +05:45 [INF] Route matched with {action = "GetFilteredStudents", controller = "Student"}. Executing controller action with signature System.Threading.Tasks.Task`1[Microsoft.AspNetCore.Mvc.IActionResult] GetFilteredStudents(sem2week1.DTOS.StudentFilterDto, System.String) on controller sem2week1.Controllers.StudentController (sem2week1).
2026-04-27 07:33:21.216 +05:45 [INF] Executed DbCommand (1ms) [Parameters=[], CommandType='"Text"', CommandTimeout='30']
SELECT s."Id", s."Address", s."DateOfBirth", s."Email", s."FirstName", s."LastName", s."Phone"
FROM "Students" AS s
2026-04-27 07:33:21.216 +05:45 [INF] Executing OkObjectResult, writing value of type '<>f__AnonymousType4`4[[System.String, System.Private.CoreLib, Version=8.0.0.0, Culture=neutral, PublicKeyToken=7cec85d7bea7798e],[System.Int64, System.Private.CoreLib, Version=8.0.0.0, Culture=neutral, PublicKeyToken=7cec85d7bea7798e],[System.Int32, System.Private.CoreLib, Version=8.0.0.0, Culture=neutral, PublicKeyToken=7cec85d7bea7798e],[System.Collections.Generic.List`1[[sem2week1.DTOS.StudentResponseDto, sem2week1, Version=1.0.0.0, Culture=neutral, PublicKeyToken=null]], System.Private.CoreLib, Version=8.0.0.0, Culture=neutral, PublicKeyToken=7cec85d7bea7798e]]'.
2026-04-27 07:33:21.216 +05:45 [INF] Executed action sem2week1.Controllers.StudentController.GetFilteredStudents (sem2week1) in 1.8242ms
2026-04-27 07:33:21.216 +05:45 [INF] Executed endpoint 'sem2week1.Controllers.StudentController.GetFilteredStudents (sem2week1)'
2026-04-27 07:33:21.216 +05:45 [INF] [2026-04-27 01:48:21] GET /api/Student/filtered | User:Anonymous | Status:200 | Time:2.04ms
2026-04-27 07:33:21.217 +05:45 [INF] Request finished HTTP/1.1 GET http://localhost:5150/api/Student/filtered?address=St&method=ienumerable - 200 null application/json; charset=utf-8 2.4152ms
2026-04-27 07:33:31.055 +05:45 [INF] Request starting HTTP/1.1 GET http://localhost:5150/api/Student/filtered?address=St&method=ienumerable - null null
2026-04-27 07:33:31.055 +05:45 [INF] Executing endpoint 'sem2week1.Controllers.StudentController.GetFilteredStudents (sem2week1)'
2026-04-27 07:33:31.055 +05:45 [INF] Route matched with {action = "GetFilteredStudents", controller = "Student"}. Executing controller action with signature System.Threading.Tasks.Task`1[Microsoft.AspNetCore.Mvc.IActionResult] GetFilteredStudents(sem2week1.DTOS.StudentFilterDto, System.String) on controller sem2week1.Controllers.StudentController (sem2week1).
2026-04-27 07:33:31.057 +05:45 [INF] Executed DbCommand (0ms) [Parameters=[], CommandType='"Text"', CommandTimeout='30']
SELECT s."Id", s."Address", s."DateOfBirth", s."Email", s."FirstName", s."LastName", s."Phone"
FROM "Students" AS s
2026-04-27 07:33:31.057 +05:45 [INF] Executing OkObjectResult, writing value of type '<>f__AnonymousType4`4[[System.String, System.Private.CoreLib, Version=8.0.0.0, Culture=neutral, PublicKeyToken=7cec85d7bea7798e],[System.Int64, System.Private.CoreLib, Version=8.0.0.0, Culture=neutral, PublicKeyToken=7cec85d7bea7798e],[System.Int32, System.Private.CoreLib, Version=8.0.0.0, Culture=neutral, PublicKeyToken=7cec85d7bea7798e],[System.Collections.Generic.List`1[[sem2week1.DTOS.StudentResponseDto, sem2week1, Version=1.0.0.0, Culture=neutral, PublicKeyToken=null]], System.Private.CoreLib, Version=8.0.0.0, Culture=neutral, PublicKeyToken=7cec85d7bea7798e]]'.
2026-04-27 07:33:31.058 +05:45 [INF] Executed action sem2week1.Controllers.StudentController.GetFilteredStudents (sem2week1) in 2.1302ms
2026-04-27 07:33:31.058 +05:45 [INF] Executed endpoint 'sem2week1.Controllers.StudentController.GetFilteredStudents (sem2week1)'
2026-04-27 07:33:31.058 +05:45 [INF] [2026-04-27 01:48:31] GET /api/Student/filtered | User:Anonymous | Status:200 | Time:2.35ms
2026-04-27 07:33:31.058 +05:45 [INF] Request finished HTTP/1.1 GET http://localhost:5150/api/Student/filtered?address=St&method=ienumerable - 200 null application/json; charset=utf-8 2.8192ms
2026-04-27 07:34:07.615 +05:45 [INF] User profile is available. Using '/home/susant/.aspnet/DataProtection-Keys' as key repository; keys will not be encrypted at rest.
2026-04-27 07:34:07.715 +05:45 [INF] Now listening on: http://localhost:5150
2026-04-27 07:34:07.717 +05:45 [INF] Application started. Press Ctrl+C to shut down.
2026-04-27 07:34:07.717 +05:45 [INF] Hosting environment: Development
2026-04-27 07:34:07.717 +05:45 [INF] Content root path: /home/susant/RiderProjects/sem2week1
2026-04-27 07:34:33.286 +05:45 [INF] Request starting HTTP/1.1 GET http://localhost:5150/api/Student/filtered?method=iqueryable - null null
2026-04-27 07:34:33.318 +05:45 [WRN] Failed to determine the https port for redirect.
2026-04-27 07:34:33.337 +05:45 [INF] Executing endpoint 'sem2week1.Controllers.StudentController.GetFilteredStudents (sem2week1)'
2026-04-27 07:34:33.355 +05:45 [INF] Route matched with {action = "GetFilteredStudents", controller = "Student"}. Executing controller action with signature System.Threading.Tasks.Task`1[Microsoft.AspNetCore.Mvc.IActionResult] GetFilteredStudents(sem2week1.DTOS.StudentFilterDto, System.String) on controller sem2week1.Controllers.StudentController (sem2week1).
2026-04-27 07:34:34.266 +05:45 [INF] Executed DbCommand (16ms) [Parameters=[], CommandType='"Text"', CommandTimeout='30']
SELECT s."Id", s."FirstName", s."LastName", s."DateOfBirth", s."Address", s."Email"
FROM "Students" AS s
2026-04-27 07:34:34.304 +05:45 [INF] Executing OkObjectResult, writing value of type '<>f__AnonymousType4`4[[System.String, System.Private.CoreLib, Version=8.0.0.0, Culture=neutral, PublicKeyToken=7cec85d7bea7798e],[System.Int64, System.Private.CoreLib, Version=8.0.0.0, Culture=neutral, PublicKeyToken=7cec85d7bea7798e],[System.Int32, System.Private.CoreLib, Version=8.0.0.0, Culture=neutral, PublicKeyToken=7cec85d7bea7798e],[System.Collections.Generic.List`1[[sem2week1.DTOS.StudentResponseDto, sem2week1, Version=1.0.0.0, Culture=neutral, PublicKeyToken=null]], System.Private.CoreLib, Version=8.0.0.0, Culture=neutral, PublicKeyToken=7cec85d7bea7798e]]'.
2026-04-27 07:34:34.317 +05:45 [INF] Executed action sem2week1.Controllers.StudentController.GetFilteredStudents (sem2week1) in 960.2484ms
2026-04-27 07:34:34.318 +05:45 [INF] Executed endpoint 'sem2week1.Controllers.StudentController.GetFilteredStudents (sem2week1)'
2026-04-27 07:34:34.319 +05:45 [INF] [2026-04-27 01:49:33] GET /api/Student/filtered | User:Anonymous | Status:200 | Time:984.21ms
2026-04-27 07:34:34.327 +05:45 [INF] Request finished HTTP/1.1 GET http://localhost:5150/api/Student/filtered?method=iqueryable - 200 null application/json; charset=utf-8 1041.9403ms
2026-04-27 07:34:34.333 +05:45 [INF] Request starting HTTP/1.1 GET http://localhost:5150/api/Student/filtered?method=ienumerable - null null
2026-04-27 07:34:34.338 +05:45 [INF] Executing endpoint 'sem2week1.Controllers.StudentController.GetFilteredStudents (sem2week1)'
2026-04-27 07:34:34.338 +05:45 [INF] Route matched with {action = "GetFilteredStudents", controller = "Student"}. Executing controller action with signature System.Threading.Tasks.Task`1[Microsoft.AspNetCore.Mvc.IActionResult] GetFilteredStudents(sem2week1.DTOS.StudentFilterDto, System.String) on controller sem2week1.Controllers.StudentController (sem2week1).
2026-04-27 07:34:34.373 +05:45 [INF] Executed DbCommand (2ms) [Parameters=[], CommandType='"Text"', CommandTimeout='30']
SELECT s."Id", s."Address", s."DateOfBirth", s."Email", s."FirstName", s."LastName", s."Phone"
FROM "Students" AS s
2026-04-27 07:34:34.401 +05:45 [INF] Executing OkObjectResult, writing value of type '<>f__AnonymousType4`4[[System.String, System.Private.CoreLib, Version=8.0.0.0, Culture=neutral, PublicKeyToken=7cec85d7bea7798e],[System.Int64, System.Private.CoreLib, Version=8.0.0.0, Culture=neutral, PublicKeyToken=7cec85d7bea7798e],[System.Int32, System.Private.CoreLib, Version=8.0.0.0, Culture=neutral, PublicKeyToken=7cec85d7bea7798e],[System.Collections.Generic.List`1[[sem2week1.DTOS.StudentResponseDto, sem2week1, Version=1.0.0.0, Culture=neutral, PublicKeyToken=null]], System.Private.CoreLib, Version=8.0.0.0, Culture=neutral, PublicKeyToken=7cec85d7bea7798e]]'.
2026-04-27 07:34:34.401 +05:45 [INF] Executed action sem2week1.Controllers.StudentController.GetFilteredStudents (sem2week1) in 62.825ms
2026-04-27 07:34:34.402 +05:45 [INF] Executed endpoint 'sem2week1.Controllers.StudentController.GetFilteredStudents (sem2week1)'
2026-04-27 07:34:34.402 +05:45 [INF] [2026-04-27 01:49:34] GET /api/Student/filtered | User:Anonymous | Status:200 | Time:63.61ms
2026-04-27 07:34:34.402 +05:45 [INF] Request finished HTTP/1.1 GET http://localhost:5150/api/Student/filtered?method=ienumerable - 200 null application/json; charset=utf-8 68.9675ms
2026-04-27 07:34:34.411 +05:45 [INF] Request starting HTTP/1.1 GET http://localhost:5150/api/Student/filtered?address=st&method=iqueryable - null null
2026-04-27 07:34:34.414 +05:45 [INF] Executing endpoint 'sem2week1.Controllers.StudentController.GetFilteredStudents (sem2week1)'
2026-04-27 07:34:34.414 +05:45 [INF] Route matched with {action = "GetFilteredStudents", controller = "Student"}. Executing controller action with signature System.Threading.Tasks.Task`1[Microsoft.AspNetCore.Mvc.IActionResult] GetFilteredStudents(sem2week1.DTOS.StudentFilterDto, System.String) on controller sem2week1.Controllers.StudentController (sem2week1).
2026-04-27 07:34:34.496 +05:45 [INF] Executed DbCommand (6ms) [Parameters=[@__addressLower_0_contains='?'], CommandType='"Text"', CommandTimeout='30']
SELECT s."Id", s."FirstName", s."LastName", s."DateOfBirth", s."Address", s."Email"
FROM "Students" AS s
WHERE lower(s."Address") LIKE @__addressLower_0_contains
2026-04-27 07:34:34.496 +05:45 [INF] Executing OkObjectResult, writing value of type '<>f__AnonymousType4`4[[System.String, System.Private.CoreLib, Version=8.0.0.0, Culture=neutral, PublicKeyToken=7cec85d7bea7798e],[System.Int64, System.Private.CoreLib, Version=8.0.0.0, Culture=neutral, PublicKeyToken=7cec85d7bea7798e],[System.Int32, System.Private.CoreLib, Version=8.0.0.0, Culture=neutral, PublicKeyToken=7cec85d7bea7798e],[System.Collections.Generic.List`1[[sem2week1.DTOS.StudentResponseDto, sem2week1, Version=1.0.0.0, Culture=neutral, PublicKeyToken=null]], System.Private.CoreLib, Version=8.0.0.0, Culture=neutral, PublicKeyToken=7cec85d7bea7798e]]'.
2026-04-27 07:34:34.496 +05:45 [INF] Executed action sem2week1.Controllers.StudentController.GetFilteredStudents (sem2week1) in 82.3175ms
2026-04-27 07:34:34.496 +05:45 [INF] Executed endpoint 'sem2week1.Controllers.StudentController.GetFilteredStudents (sem2week1)'
2026-04-27 07:34:34.497 +05:45 [INF] [2026-04-27 01:49:34] GET /api/Student/filtered | User:Anonymous | Status:200 | Time:82.84ms
2026-04-27 07:34:34.497 +05:45 [INF] Request finished HTTP/1.1 GET http://localhost:5150/api/Student/filtered?address=st&method=iqueryable - 200 null application/json; charset=utf-8 85.4405ms
2026-04-27 07:34:34.506 +05:45 [INF] Request starting HTTP/1.1 GET http://localhost:5150/api/Student/filtered?address=st&method=ienumerable - null null
2026-04-27 07:34:34.507 +05:45 [INF] Executing endpoint 'sem2week1.Controllers.StudentController.GetFilteredStudents (sem2week1)'
2026-04-27 07:34:34.507 +05:45 [INF] Route matched with {action = "GetFilteredStudents", controller = "Student"}. Executing controller action with signature System.Threading.Tasks.Task`1[Microsoft.AspNetCore.Mvc.IActionResult] GetFilteredStudents(sem2week1.DTOS.StudentFilterDto, System.String) on controller sem2week1.Controllers.StudentController (sem2week1).
2026-04-27 07:34:34.508 +05:45 [INF] Executed DbCommand (0ms) [Parameters=[], CommandType='"Text"', CommandTimeout='30']
SELECT s."Id", s."Address", s."DateOfBirth", s."Email", s."FirstName", s."LastName", s."Phone"
FROM "Students" AS s
2026-04-27 07:34:34.509 +05:45 [INF] Executing OkObjectResult, writing value of type '<>f__AnonymousType4`4[[System.String, System.Private.CoreLib, Version=8.0.0.0, Culture=neutral, PublicKeyToken=7cec85d7bea7798e],[System.Int64, System.Private.CoreLib, Version=8.0.0.0, Culture=neutral, PublicKeyToken=7cec85d7bea7798e],[System.Int32, System.Private.CoreLib, Version=8.0.0.0, Culture=neutral, PublicKeyToken=7cec85d7bea7798e],[System.Collections.Generic.List`1[[sem2week1.DTOS.StudentResponseDto, sem2week1, Version=1.0.0.0, Culture=neutral, PublicKeyToken=null]], System.Private.CoreLib, Version=8.0.0.0, Culture=neutral, PublicKeyToken=7cec85d7bea7798e]]'.
2026-04-27 07:34:34.509 +05:45 [INF] Executed action sem2week1.Controllers.StudentController.GetFilteredStudents (sem2week1) in 2.6525ms
2026-04-27 07:34:34.509 +05:45 [INF] Executed endpoint 'sem2week1.Controllers.StudentController.GetFilteredStudents (sem2week1)'
2026-04-27 07:34:34.509 +05:45 [INF] [2026-04-27 01:49:34] GET /api/Student/filtered | User:Anonymous | Status:200 | Time:3.01ms
2026-04-27 07:34:34.510 +05:45 [INF] Request finished HTTP/1.1 GET http://localhost:5150/api/Student/filtered?address=st&method=ienumerable - 200 null application/json; charset=utf-8 3.4197ms
2026-04-27 07:34:34.538 +05:45 [INF] Request starting HTTP/1.1 GET http://localhost:5150/api/Student/filtered?minAge=25&method=iqueryable - null null
2026-04-27 07:34:34.538 +05:45 [INF] Executing endpoint 'sem2week1.Controllers.StudentController.GetFilteredStudents (sem2week1)'
2026-04-27 07:34:34.538 +05:45 [INF] Route matched with {action = "GetFilteredStudents", controller = "Student"}. Executing controller action with signature System.Threading.Tasks.Task`1[Microsoft.AspNetCore.Mvc.IActionResult] GetFilteredStudents(sem2week1.DTOS.StudentFilterDto, System.String) on controller sem2week1.Controllers.StudentController (sem2week1).
2026-04-27 07:34:34.545 +05:45 [INF] Executed DbCommand (2ms) [Parameters=[@__maxDateOfBirth_0='?' (DbType = DateTime)], CommandType='"Text"', CommandTimeout='30']
SELECT s."Id", s."FirstName", s."LastName", s."DateOfBirth", s."Address", s."Email"
FROM "Students" AS s
WHERE s."DateOfBirth" <= @__maxDateOfBirth_0
2026-04-27 07:34:34.545 +05:45 [INF] Executing OkObjectResult, writing value of type '<>f__AnonymousType4`4[[System.String, System.Private.CoreLib, Version=8.0.0.0, Culture=neutral, PublicKeyToken=7cec85d7bea7798e],[System.Int64, System.Private.CoreLib, Version=8.0.0.0, Culture=neutral, PublicKeyToken=7cec85d7bea7798e],[System.Int32, System.Private.CoreLib, Version=8.0.0.0, Culture=neutral, PublicKeyToken=7cec85d7bea7798e],[System.Collections.Generic.List`1[[sem2week1.DTOS.StudentResponseDto, sem2week1, Version=1.0.0.0, Culture=neutral, PublicKeyToken=null]], System.Private.CoreLib, Version=8.0.0.0, Culture=neutral, PublicKeyToken=7cec85d7bea7798e]]'.
2026-04-27 07:34:34.545 +05:45 [INF] Executed action sem2week1.Controllers.StudentController.GetFilteredStudents (sem2week1) in 6.8942ms
2026-04-27 07:34:34.545 +05:45 [INF] Executed endpoint 'sem2week1.Controllers.StudentController.GetFilteredStudents (sem2week1)'
2026-04-27 07:34:34.545 +05:45 [INF] [2026-04-27 01:49:34] GET /api/Student/filtered | User:Anonymous | Status:200 | Time:7.16ms
2026-04-27 07:34:34.545 +05:45 [INF] Request finished HTTP/1.1 GET http://localhost:5150/api/Student/filtered?minAge=25&method=iqueryable - 200 null application/json; charset=utf-8 7.5227ms
2026-04-27 07:34:34.563 +05:45 [INF] Request starting HTTP/1.1 GET http://localhost:5150/api/Student/filtered?minAge=25&method=ienumerable - null null
2026-04-27 07:34:34.564 +05:45 [INF] Executing endpoint 'sem2week1.Controllers.StudentController.GetFilteredStudents (sem2week1)'
2026-04-27 07:34:34.564 +05:45 [INF] Route matched with {action = "GetFilteredStudents", controller = "Student"}. Executing controller action with signature System.Threading.Tasks.Task`1[Microsoft.AspNetCore.Mvc.IActionResult] GetFilteredStudents(sem2week1.DTOS.StudentFilterDto, System.String) on controller sem2week1.Controllers.StudentController (sem2week1).
2026-04-27 07:34:34.566 +05:45 [INF] Executed DbCommand (1ms) [Parameters=[], CommandType='"Text"', CommandTimeout='30']
SELECT s."Id", s."Address", s."DateOfBirth", s."Email", s."FirstName", s."LastName", s."Phone"
FROM "Students" AS s
2026-04-27 07:34:34.567 +05:45 [INF] Executing OkObjectResult, writing value of type '<>f__AnonymousType4`4[[System.String, System.Private.CoreLib, Version=8.0.0.0, Culture=neutral, PublicKeyToken=7cec85d7bea7798e],[System.Int64, System.Private.CoreLib, Version=8.0.0.0, Culture=neutral, PublicKeyToken=7cec85d7bea7798e],[System.Int32, System.Private.CoreLib, Version=8.0.0.0, Culture=neutral, PublicKeyToken=7cec85d7bea7798e],[System.Collections.Generic.List`1[[sem2week1.DTOS.StudentResponseDto, sem2week1, Version=1.0.0.0, Culture=neutral, PublicKeyToken=null]], System.Private.CoreLib, Version=8.0.0.0, Culture=neutral, PublicKeyToken=7cec85d7bea7798e]]'.
2026-04-27 07:34:34.567 +05:45 [INF] Executed action sem2week1.Controllers.StudentController.GetFilteredStudents (sem2week1) in 2.8807ms
2026-04-27 07:34:34.567 +05:45 [INF] Executed endpoint 'sem2week1.Controllers.StudentController.GetFilteredStudents (sem2week1)'
2026-04-27 07:34:34.567 +05:45 [INF] [2026-04-27 01:49:34] GET /api/Student/filtered | User:Anonymous | Status:200 | Time:3.34ms
2026-04-27 07:34:34.567 +05:45 [INF] Request finished HTTP/1.1 GET http://localhost:5150/api/Student/filtered?minAge=25&method=ienumerable - 200 null application/json; charset=utf-8 3.9263ms
2026-04-27 07:34:34.588 +05:45 [INF] Request starting HTTP/1.1 GET http://localhost:5150/api/Student/filtered?minAge=20&maxAge=30&address=st&method=iqueryable - null null
2026-04-27 07:34:34.589 +05:45 [INF] Executing endpoint 'sem2week1.Controllers.StudentController.GetFilteredStudents (sem2week1)'
2026-04-27 07:34:34.589 +05:45 [INF] Route matched with {action = "GetFilteredStudents", controller = "Student"}. Executing controller action with signature System.Threading.Tasks.Task`1[Microsoft.AspNetCore.Mvc.IActionResult] GetFilteredStudents(sem2week1.DTOS.StudentFilterDto, System.String) on controller sem2week1.Controllers.StudentController (sem2week1).
2026-04-27 07:34:34.595 +05:45 [INF] Executed DbCommand (1ms) [Parameters=[@__maxDateOfBirth_0='?' (DbType = DateTime), @__minDateOfBirth_1='?' (DbType = DateTime), @__addressLower_2_contains='?'], CommandType='"Text"', CommandTimeout='30']
SELECT s."Id", s."FirstName", s."LastName", s."DateOfBirth", s."Address", s."Email"
FROM "Students" AS s
WHERE s."DateOfBirth" <= @__maxDateOfBirth_0 AND s."DateOfBirth" >= @__minDateOfBirth_1 AND lower(s."Address") LIKE @__addressLower_2_contains
2026-04-27 07:34:34.595 +05:45 [INF] Executing OkObjectResult, writing value of type '<>f__AnonymousType4`4[[System.String, System.Private.CoreLib, Version=8.0.0.0, Culture=neutral, PublicKeyToken=7cec85d7bea7798e],[System.Int64, System.Private.CoreLib, Version=8.0.0.0, Culture=neutral, PublicKeyToken=7cec85d7bea7798e],[System.Int32, System.Private.CoreLib, Version=8.0.0.0, Culture=neutral, PublicKeyToken=7cec85d7bea7798e],[System.Collections.Generic.List`1[[sem2week1.DTOS.StudentResponseDto, sem2week1, Version=1.0.0.0, Culture=neutral, PublicKeyToken=null]], System.Private.CoreLib, Version=8.0.0.0, Culture=neutral, PublicKeyToken=7cec85d7bea7798e]]'.
2026-04-27 07:34:34.595 +05:45 [INF] Executed action sem2week1.Controllers.StudentController.GetFilteredStudents (sem2week1) in 6.2366ms
2026-04-27 07:34:34.595 +05:45 [INF] Executed endpoint 'sem2week1.Controllers.StudentController.GetFilteredStudents (sem2week1)'
2026-04-27 07:34:34.595 +05:45 [INF] [2026-04-27 01:49:34] GET /api/Student/filtered | User:Anonymous | Status:200 | Time:6.53ms
2026-04-27 07:34:34.595 +05:45 [INF] Request finished HTTP/1.1 GET http://localhost:5150/api/Student/filtered?minAge=20&maxAge=30&address=st&method=iqueryable - 200 null application/json; charset=utf-8 6.9382ms
2026-04-27 07:34:34.614 +05:45 [INF] Request starting HTTP/1.1 GET http://localhost:5150/api/Student/filtered?minAge=20&maxAge=30&address=st&method=ienumerable - null null
2026-04-27 07:34:34.614 +05:45 [INF] Executing endpoint 'sem2week1.Controllers.StudentController.GetFilteredStudents (sem2week1)'
2026-04-27 07:34:34.614 +05:45 [INF] Route matched with {action = "GetFilteredStudents", controller = "Student"}. Executing controller action with signature System.Threading.Tasks.Task`1[Microsoft.AspNetCore.Mvc.IActionResult] GetFilteredStudents(sem2week1.DTOS.StudentFilterDto, System.String) on controller sem2week1.Controllers.StudentController (sem2week1).
2026-04-27 07:34:34.616 +05:45 [INF] Executed DbCommand (0ms) [Parameters=[], CommandType='"Text"', CommandTimeout='30']
SELECT s."Id", s."Address", s."DateOfBirth", s."Email", s."FirstName", s."LastName", s."Phone"
FROM "Students" AS s
2026-04-27 07:34:34.617 +05:45 [INF] Executing OkObjectResult, writing value of type '<>f__AnonymousType4`4[[System.String, System.Private.CoreLib, Version=8.0.0.0, Culture=neutral, PublicKeyToken=7cec85d7bea7798e],[System.Int64, System.Private.CoreLib, Version=8.0.0.0, Culture=neutral, PublicKeyToken=7cec85d7bea7798e],[System.Int32, System.Private.CoreLib, Version=8.0.0.0, Culture=neutral, PublicKeyToken=7cec85d7bea7798e],[System.Collections.Generic.List`1[[sem2week1.DTOS.StudentResponseDto, sem2week1, Version=1.0.0.0, Culture=neutral, PublicKeyToken=null]], System.Private.CoreLib, Version=8.0.0.0, Culture=neutral, PublicKeyToken=7cec85d7bea7798e]]'.
2026-04-27 07:34:34.617 +05:45 [INF] Executed action sem2week1.Controllers.StudentController.GetFilteredStudents (sem2week1) in 2.7238ms
2026-04-27 07:34:34.617 +05:45 [INF] Executed endpoint 'sem2week1.Controllers.StudentController.GetFilteredStudents (sem2week1)'
2026-04-27 07:34:34.617 +05:45 [INF] [2026-04-27 01:49:34] GET /api/Student/filtered | User:Anonymous | Status:200 | Time:3.13ms
2026-04-27 07:34:34.617 +05:45 [INF] Request finished HTTP/1.1 GET http://localhost:5150/api/Student/filtered?minAge=20&maxAge=30&address=st&method=ienumerable - 200 null application/json; charset=utf-8 3.6228ms
2026-04-27 07:35:12.826 +05:45 [INF] Request starting HTTP/1.1 GET http://localhost:5150/api/Student/filtered?Get&all&students&method=iqueryable - null null
2026-04-27 07:35:12.826 +05:45 [INF] Executing endpoint 'sem2week1.Controllers.StudentController.GetFilteredStudents (sem2week1)'
2026-04-27 07:35:12.827 +05:45 [INF] Route matched with {action = "GetFilteredStudents", controller = "Student"}. Executing controller action with signature System.Threading.Tasks.Task`1[Microsoft.AspNetCore.Mvc.IActionResult] GetFilteredStudents(sem2week1.DTOS.StudentFilterDto, System.String) on controller sem2week1.Controllers.StudentController (sem2week1).
2026-04-27 07:35:12.835 +05:45 [INF] Executed DbCommand (1ms) [Parameters=[], CommandType='"Text"', CommandTimeout='30']
SELECT s."Id", s."FirstName", s."LastName", s."DateOfBirth", s."Address", s."Email"
FROM "Students" AS s
2026-04-27 07:35:12.835 +05:45 [INF] Executing OkObjectResult, writing value of type '<>f__AnonymousType4`4[[System.String, System.Private.CoreLib, Version=8.0.0.0, Culture=neutral, PublicKeyToken=7cec85d7bea7798e],[System.Int64, System.Private.CoreLib, Version=8.0.0.0, Culture=neutral, PublicKeyToken=7cec85d7bea7798e],[System.Int32, System.Private.CoreLib, Version=8.0.0.0, Culture=neutral, PublicKeyToken=7cec85d7bea7798e],[System.Collections.Generic.List`1[[sem2week1.DTOS.StudentResponseDto, sem2week1, Version=1.0.0.0, Culture=neutral, PublicKeyToken=null]], System.Private.CoreLib, Version=8.0.0.0, Culture=neutral, PublicKeyToken=7cec85d7bea7798e]]'.
2026-04-27 07:35:12.836 +05:45 [INF] Executed action sem2week1.Controllers.StudentController.GetFilteredStudents (sem2week1) in 8.6578ms
2026-04-27 07:35:12.836 +05:45 [INF] Executed endpoint 'sem2week1.Controllers.StudentController.GetFilteredStudents (sem2week1)'
2026-04-27 07:35:12.836 +05:45 [INF] [2026-04-27 01:50:12] GET /api/Student/filtered | User:Anonymous | Status:200 | Time:9.51ms
2026-04-27 07:35:12.836 +05:45 [INF] Request finished HTTP/1.1 GET http://localhost:5150/api/Student/filtered?Get&all&students&method=iqueryable - 200 null application/json; charset=utf-8 10.5217ms
2026-04-27 07:35:12.891 +05:45 [INF] Request starting HTTP/1.1 GET http://localhost:5150/api/Student/filtered?Get&all&students&method=ienumerable - null null
2026-04-27 07:35:12.891 +05:45 [INF] Executing endpoint 'sem2week1.Controllers.StudentController.GetFilteredStudents (sem2week1)'
2026-04-27 07:35:12.892 +05:45 [INF] Route matched with {action = "GetFilteredStudents", controller = "Student"}. Executing controller action with signature System.Threading.Tasks.Task`1[Microsoft.AspNetCore.Mvc.IActionResult] GetFilteredStudents(sem2week1.DTOS.StudentFilterDto, System.String) on controller sem2week1.Controllers.StudentController (sem2week1).
2026-04-27 07:35:12.894 +05:45 [INF] Executed DbCommand (1ms) [Parameters=[], CommandType='"Text"', CommandTimeout='30']
SELECT s."Id", s."Address", s."DateOfBirth", s."Email", s."FirstName", s."LastName", s."Phone"
FROM "Students" AS s
2026-04-27 07:35:12.895 +05:45 [INF] Executing OkObjectResult, writing value of type '<>f__AnonymousType4`4[[System.String, System.Private.CoreLib, Version=8.0.0.0, Culture=neutral, PublicKeyToken=7cec85d7bea7798e],[System.Int64, System.Private.CoreLib, Version=8.0.0.0, Culture=neutral, PublicKeyToken=7cec85d7bea7798e],[System.Int32, System.Private.CoreLib, Version=8.0.0.0, Culture=neutral, PublicKeyToken=7cec85d7bea7798e],[System.Collections.Generic.List`1[[sem2week1.DTOS.StudentResponseDto, sem2week1, Version=1.0.0.0, Culture=neutral, PublicKeyToken=null]], System.Private.CoreLib, Version=8.0.0.0, Culture=neutral, PublicKeyToken=7cec85d7bea7798e]]'.
2026-04-27 07:35:12.895 +05:45 [INF] Executed action sem2week1.Controllers.StudentController.GetFilteredStudents (sem2week1) in 3.744ms
2026-04-27 07:35:12.895 +05:45 [INF] Executed endpoint 'sem2week1.Controllers.StudentController.GetFilteredStudents (sem2week1)'
2026-04-27 07:35:12.896 +05:45 [INF] [2026-04-27 01:50:12] GET /api/Student/filtered | User:Anonymous | Status:200 | Time:4.16ms
2026-04-27 07:35:12.896 +05:45 [INF] Request finished HTTP/1.1 GET http://localhost:5150/api/Student/filtered?Get&all&students&method=ienumerable - 200 null application/json; charset=utf-8 4.6636ms
2026-04-27 07:35:12.925 +05:45 [INF] Request starting HTTP/1.1 GET http://localhost:5150/api/Student/filtered?minAge=25&method=iqueryable - null null
2026-04-27 07:35:12.925 +05:45 [INF] Executing endpoint 'sem2week1.Controllers.StudentController.GetFilteredStudents (sem2week1)'
2026-04-27 07:35:12.925 +05:45 [INF] Route matched with {action = "GetFilteredStudents", controller = "Student"}. Executing controller action with signature System.Threading.Tasks.Task`1[Microsoft.AspNetCore.Mvc.IActionResult] GetFilteredStudents(sem2week1.DTOS.StudentFilterDto, System.String) on controller sem2week1.Controllers.StudentController (sem2week1).
2026-04-27 07:35:12.929 +05:45 [INF] Executed DbCommand (1ms) [Parameters=[@__maxDateOfBirth_0='?' (DbType = DateTime)], CommandType='"Text"', CommandTimeout='30']
SELECT s."Id", s."FirstName", s."LastName", s."DateOfBirth", s."Address", s."Email"
FROM "Students" AS s
WHERE s."DateOfBirth" <= @__maxDateOfBirth_0
2026-04-27 07:35:12.930 +05:45 [INF] Executing OkObjectResult, writing value of type '<>f__AnonymousType4`4[[System.String, System.Private.CoreLib, Version=8.0.0.0, Culture=neutral, PublicKeyToken=7cec85d7bea7798e],[System.Int64, System.Private.CoreLib, Version=8.0.0.0, Culture=neutral, PublicKeyToken=7cec85d7bea7798e],[System.Int32, System.Private.CoreLib, Version=8.0.0.0, Culture=neutral, PublicKeyToken=7cec85d7bea7798e],[System.Collections.Generic.List`1[[sem2week1.DTOS.StudentResponseDto, sem2week1, Version=1.0.0.0, Culture=neutral, PublicKeyToken=null]], System.Private.CoreLib, Version=8.0.0.0, Culture=neutral, PublicKeyToken=7cec85d7bea7798e]]'.
2026-04-27 07:35:12.930 +05:45 [INF] Executed action sem2week1.Controllers.StudentController.GetFilteredStudents (sem2week1) in 4.8927ms
2026-04-27 07:35:12.931 +05:45 [INF] Executed endpoint 'sem2week1.Controllers.StudentController.GetFilteredStudents (sem2week1)'
2026-04-27 07:35:12.931 +05:45 [INF] [2026-04-27 01:50:12] GET /api/Student/filtered | User:Anonymous | Status:200 | Time:5.47ms
2026-04-27 07:35:12.932 +05:45 [INF] Request finished HTTP/1.1 GET http://localhost:5150/api/Student/filtered?minAge=25&method=iqueryable - 200 null application/json; charset=utf-8 7.5074ms
2026-04-27 07:35:12.946 +05:45 [INF] Request starting HTTP/1.1 GET http://localhost:5150/api/Student/filtered?minAge=25&method=ienumerable - null null
2026-04-27 07:35:12.946 +05:45 [INF] Executing endpoint 'sem2week1.Controllers.StudentController.GetFilteredStudents (sem2week1)'
2026-04-27 07:35:12.946 +05:45 [INF] Route matched with {action = "GetFilteredStudents", controller = "Student"}. Executing controller action with signature System.Threading.Tasks.Task`1[Microsoft.AspNetCore.Mvc.IActionResult] GetFilteredStudents(sem2week1.DTOS.StudentFilterDto, System.String) on controller sem2week1.Controllers.StudentController (sem2week1).
2026-04-27 07:35:12.948 +05:45 [INF] Executed DbCommand (1ms) [Parameters=[], CommandType='"Text"', CommandTimeout='30']
SELECT s."Id", s."Address", s."DateOfBirth", s."Email", s."FirstName", s."LastName", s."Phone"
FROM "Students" AS s
2026-04-27 07:35:12.950 +05:45 [INF] Executing OkObjectResult, writing value of type '<>f__AnonymousType4`4[[System.String, System.Private.CoreLib, Version=8.0.0.0, Culture=neutral, PublicKeyToken=7cec85d7bea7798e],[System.Int64, System.Private.CoreLib, Version=8.0.0.0, Culture=neutral, PublicKeyToken=7cec85d7bea7798e],[System.Int32, System.Private.CoreLib, Version=8.0.0.0, Culture=neutral, PublicKeyToken=7cec85d7bea7798e],[System.Collections.Generic.List`1[[sem2week1.DTOS.StudentResponseDto, sem2week1, Version=1.0.0.0, Culture=neutral, PublicKeyToken=null]], System.Private.CoreLib, Version=8.0.0.0, Culture=neutral, PublicKeyToken=7cec85d7bea7798e]]'.
2026-04-27 07:35:12.950 +05:45 [INF] Executed action sem2week1.Controllers.StudentController.GetFilteredStudents (sem2week1) in 3.5246ms
2026-04-27 07:35:12.950 +05:45 [INF] Executed endpoint 'sem2week1.Controllers.StudentController.GetFilteredStudents (sem2week1)'
2026-04-27 07:35:12.950 +05:45 [INF] [2026-04-27 01:50:12] GET /api/Student/filtered | User:Anonymous | Status:200 | Time:4.11ms
2026-04-27 07:35:12.951 +05:45 [INF] Request finished HTTP/1.1 GET http://localhost:5150/api/Student/filtered?minAge=25&method=ienumerable - 200 null application/json; charset=utf-8 4.7263ms
2026-04-27 07:35:12.977 +05:45 [INF] Request starting HTTP/1.1 GET http://localhost:5150/api/Student/filtered?maxAge=25&method=iqueryable - null null
2026-04-27 07:35:12.978 +05:45 [INF] Executing endpoint 'sem2week1.Controllers.StudentController.GetFilteredStudents (sem2week1)'
2026-04-27 07:35:12.978 +05:45 [INF] Route matched with {action = "GetFilteredStudents", controller = "Student"}. Executing controller action with signature System.Threading.Tasks.Task`1[Microsoft.AspNetCore.Mvc.IActionResult] GetFilteredStudents(sem2week1.DTOS.StudentFilterDto, System.String) on controller sem2week1.Controllers.StudentController (sem2week1).
2026-04-27 07:35:12.985 +05:45 [INF] Executed DbCommand (1ms) [Parameters=[@__minDateOfBirth_0='?' (DbType = DateTime)], CommandType='"Text"', CommandTimeout='30']
SELECT s."Id", s."FirstName", s."LastName", s."DateOfBirth", s."Address", s."Email"
FROM "Students" AS s
WHERE s."DateOfBirth" >= @__minDateOfBirth_0
2026-04-27 07:35:12.985 +05:45 [INF] Executing OkObjectResult, writing value of type '<>f__AnonymousType4`4[[System.String, System.Private.CoreLib, Version=8.0.0.0, Culture=neutral, PublicKeyToken=7cec85d7bea7798e],[System.Int64, System.Private.CoreLib, Version=8.0.0.0, Culture=neutral, PublicKeyToken=7cec85d7bea7798e],[System.Int32, System.Private.CoreLib, Version=8.0.0.0, Culture=neutral, PublicKeyToken=7cec85d7bea7798e],[System.Collections.Generic.List`1[[sem2week1.DTOS.StudentResponseDto, sem2week1, Version=1.0.0.0, Culture=neutral, PublicKeyToken=null]], System.Private.CoreLib, Version=8.0.0.0, Culture=neutral, PublicKeyToken=7cec85d7bea7798e]]'.
2026-04-27 07:35:12.985 +05:45 [INF] Executed action sem2week1.Controllers.StudentController.GetFilteredStudents (sem2week1) in 7.4ms
2026-04-27 07:35:12.986 +05:45 [INF] Executed endpoint 'sem2week1.Controllers.StudentController.GetFilteredStudents (sem2week1)'
2026-04-27 07:35:12.986 +05:45 [INF] [2026-04-27 01:50:12] GET /api/Student/filtered | User:Anonymous | Status:200 | Time:7.83ms
2026-04-27 07:35:12.986 +05:45 [INF] Request finished HTTP/1.1 GET http://localhost:5150/api/Student/filtered?maxAge=25&method=iqueryable - 200 null application/json; charset=utf-8 8.3207ms
2026-04-27 07:35:13.004 +05:45 [INF] Request starting HTTP/1.1 GET http://localhost:5150/api/Student/filtered?maxAge=25&method=ienumerable - null null
2026-04-27 07:35:13.004 +05:45 [INF] Executing endpoint 'sem2week1.Controllers.StudentController.GetFilteredStudents (sem2week1)'
2026-04-27 07:35:13.004 +05:45 [INF] Route matched with {action = "GetFilteredStudents", controller = "Student"}. Executing controller action with signature System.Threading.Tasks.Task`1[Microsoft.AspNetCore.Mvc.IActionResult] GetFilteredStudents(sem2week1.DTOS.StudentFilterDto, System.String) on controller sem2week1.Controllers.StudentController (sem2week1).
2026-04-27 07:35:13.007 +05:45 [INF] Executed DbCommand (1ms) [Parameters=[], CommandType='"Text"', CommandTimeout='30']
SELECT s."Id", s."Address", s."DateOfBirth", s."Email", s."FirstName", s."LastName", s."Phone"
FROM "Students" AS s
2026-04-27 07:35:13.008 +05:45 [INF] Executing OkObjectResult, writing value of type '<>f__AnonymousType4`4[[System.String, System.Private.CoreLib, Version=8.0.0.0, Culture=neutral, PublicKeyToken=7cec85d7bea7798e],[System.Int64, System.Private.CoreLib, Version=8.0.0.0, Culture=neutral, PublicKeyToken=7cec85d7bea7798e],[System.Int32, System.Private.CoreLib, Version=8.0.0.0, Culture=neutral, PublicKeyToken=7cec85d7bea7798e],[System.Collections.Generic.List`1[[sem2week1.DTOS.StudentResponseDto, sem2week1, Version=1.0.0.0, Culture=neutral, PublicKeyToken=null]], System.Private.CoreLib, Version=8.0.0.0, Culture=neutral, PublicKeyToken=7cec85d7bea7798e]]'.
2026-04-27 07:35:13.008 +05:45 [INF] Executed action sem2week1.Controllers.StudentController.GetFilteredStudents (sem2week1) in 3.9206ms
2026-04-27 07:35:13.008 +05:45 [INF] Executed endpoint 'sem2week1.Controllers.StudentController.GetFilteredStudents (sem2week1)'
2026-04-27 07:35:13.016 +05:45 [INF] [2026-04-27 01:50:13] GET /api/Student/filtered | User:Anonymous | Status:200 | Time:4.33ms
2026-04-27 07:35:13.019 +05:45 [INF] Request finished HTTP/1.1 GET http://localhost:5150/api/Student/filtered?maxAge=25&method=ienumerable - 200 null application/json; charset=utf-8 14.4932ms
2026-04-27 07:35:13.036 +05:45 [INF] Request starting HTTP/1.1 GET http://localhost:5150/api/Student/filtered?address='st'&method=iqueryable - null null
2026-04-27 07:35:13.036 +05:45 [INF] Executing endpoint 'sem2week1.Controllers.StudentController.GetFilteredStudents (sem2week1)'
2026-04-27 07:35:13.036 +05:45 [INF] Route matched with {action = "GetFilteredStudents", controller = "Student"}. Executing controller action with signature System.Threading.Tasks.Task`1[Microsoft.AspNetCore.Mvc.IActionResult] GetFilteredStudents(sem2week1.DTOS.StudentFilterDto, System.String) on controller sem2week1.Controllers.StudentController (sem2week1).
2026-04-27 07:35:13.040 +05:45 [INF] Executed DbCommand (1ms) [Parameters=[@__addressLower_0_contains='?'], CommandType='"Text"', CommandTimeout='30']
SELECT s."Id", s."FirstName", s."LastName", s."DateOfBirth", s."Address", s."Email"
FROM "Students" AS s
WHERE lower(s."Address") LIKE @__addressLower_0_contains
2026-04-27 07:35:13.040 +05:45 [INF] Executing OkObjectResult, writing value of type '<>f__AnonymousType4`4[[System.String, System.Private.CoreLib, Version=8.0.0.0, Culture=neutral, PublicKeyToken=7cec85d7bea7798e],[System.Int64, System.Private.CoreLib, Version=8.0.0.0, Culture=neutral, PublicKeyToken=7cec85d7bea7798e],[System.Int32, System.Private.CoreLib, Version=8.0.0.0, Culture=neutral, PublicKeyToken=7cec85d7bea7798e],[System.Collections.Generic.List`1[[sem2week1.DTOS.StudentResponseDto, sem2week1, Version=1.0.0.0, Culture=neutral, PublicKeyToken=null]], System.Private.CoreLib, Version=8.0.0.0, Culture=neutral, PublicKeyToken=7cec85d7bea7798e]]'.
2026-04-27 07:35:13.040 +05:45 [INF] Executed action sem2week1.Controllers.StudentController.GetFilteredStudents (sem2week1) in 3.7582ms
2026-04-27 07:35:13.040 +05:45 [INF] Executed endpoint 'sem2week1.Controllers.StudentController.GetFilteredStudents (sem2week1)'
2026-04-27 07:35:13.040 +05:45 [INF] [2026-04-27 01:50:13] GET /api/Student/filtered | User:Anonymous | Status:200 | Time:4.43ms
2026-04-27 07:35:13.041 +05:45 [INF] Request finished HTTP/1.1 GET http://localhost:5150/api/Student/filtered?address='st'&method=iqueryable - 200 null application/json; charset=utf-8 4.933ms
2026-04-27 07:35:13.051 +05:45 [INF] Request starting HTTP/1.1 GET http://localhost:5150/api/Student/filtered?address='st'&method=ienumerable - null null
2026-04-27 07:35:13.051 +05:45 [INF] Executing endpoint 'sem2week1.Controllers.StudentController.GetFilteredStudents (sem2week1)'
2026-04-27 07:35:13.051 +05:45 [INF] Route matched with {action = "GetFilteredStudents", controller = "Student"}. Executing controller action with signature System.Threading.Tasks.Task`1[Microsoft.AspNetCore.Mvc.IActionResult] GetFilteredStudents(sem2week1.DTOS.StudentFilterDto, System.String) on controller sem2week1.Controllers.StudentController (sem2week1).
2026-04-27 07:35:13.053 +05:45 [INF] Executed DbCommand (0ms) [Parameters=[], CommandType='"Text"', CommandTimeout='30']
SELECT s."Id", s."Address", s."DateOfBirth", s."Email", s."FirstName", s."LastName", s."Phone"
FROM "Students" AS s
2026-04-27 07:35:13.053 +05:45 [INF] Executing OkObjectResult, writing value of type '<>f__AnonymousType4`4[[System.String, System.Private.CoreLib, Version=8.0.0.0, Culture=neutral, PublicKeyToken=7cec85d7bea7798e],[System.Int64, System.Private.CoreLib, Version=8.0.0.0, Culture=neutral, PublicKeyToken=7cec85d7bea7798e],[System.Int32, System.Private.CoreLib, Version=8.0.0.0, Culture=neutral, PublicKeyToken=7cec85d7bea7798e],[System.Collections.Generic.List`1[[sem2week1.DTOS.StudentResponseDto, sem2week1, Version=1.0.0.0, Culture=neutral, PublicKeyToken=null]], System.Private.CoreLib, Version=8.0.0.0, Culture=neutral, PublicKeyToken=7cec85d7bea7798e]]'.
2026-04-27 07:35:13.053 +05:45 [INF] Executed action sem2week1.Controllers.StudentController.GetFilteredStudents (sem2week1) in 2.1274ms
2026-04-27 07:35:13.054 +05:45 [INF] Executed endpoint 'sem2week1.Controllers.StudentController.GetFilteredStudents (sem2week1)'
2026-04-27 07:35:13.054 +05:45 [INF] [2026-04-27 01:50:13] GET /api/Student/filtered | User:Anonymous | Status:200 | Time:2.49ms
2026-04-27 07:35:13.054 +05:45 [INF] Request finished HTTP/1.1 GET http://localhost:5150/api/Student/filtered?address='st'&method=ienumerable - 200 null application/json; charset=utf-8 2.8872ms
2026-04-27 07:36:35.810 +05:45 [INF] Request starting HTTP/1.1 GET http://localhost:5150/swagger/index.html - null null
2026-04-27 07:36:35.860 +05:45 [INF] Request finished HTTP/1.1 GET http://localhost:5150/swagger/index.html - 200 null text/html;charset=utf-8 49.8508ms
2026-04-27 07:36:36.047 +05:45 [INF] Request starting HTTP/1.1 GET http://localhost:5150/swagger/v1/swagger.json - null null
2026-04-27 07:36:36.359 +05:45 [INF] Request finished HTTP/1.1 GET http://localhost:5150/swagger/v1/swagger.json - 200 null application/json;charset=utf-8 312.1948ms
2026-04-27 07:37:33.151 +05:45 [INF] Request starting HTTP/1.1 GET http://localhost:5150/api/Student/filtered/iqueryable?MinAge=2&MaxAge=60 - null null
2026-04-27 07:37:33.151 +05:45 [INF] Executing endpoint 'sem2week1.Controllers.StudentController.GetFilteredStudentsIQueryable (sem2week1)'
2026-04-27 07:37:33.155 +05:45 [INF] Route matched with {action = "GetFilteredStudentsIQueryable", controller = "Student"}. Executing controller action with signature System.Threading.Tasks.Task`1[Microsoft.AspNetCore.Mvc.IActionResult] GetFilteredStudentsIQueryable(sem2week1.DTOS.StudentFilterDto) on controller sem2week1.Controllers.StudentController (sem2week1).
2026-04-27 07:37:33.160 +05:45 [INF] Executed DbCommand (1ms) [Parameters=[@__maxDateOfBirth_0='?' (DbType = DateTime), @__minDateOfBirth_1='?' (DbType = DateTime)], CommandType='"Text"', CommandTimeout='30']
SELECT s."Id", s."FirstName", s."LastName", s."DateOfBirth", s."Address", s."Email"
FROM "Students" AS s
WHERE s."DateOfBirth" <= @__maxDateOfBirth_0 AND s."DateOfBirth" >= @__minDateOfBirth_1
2026-04-27 07:37:33.161 +05:45 [INF] Executing OkObjectResult, writing value of type '<>f__AnonymousType4`4[[System.String, System.Private.CoreLib, Version=8.0.0.0, Culture=neutral, PublicKeyToken=7cec85d7bea7798e],[System.Int64, System.Private.CoreLib, Version=8.0.0.0, Culture=neutral, PublicKeyToken=7cec85d7bea7798e],[System.Int32, System.Private.CoreLib, Version=8.0.0.0, Culture=neutral, PublicKeyToken=7cec85d7bea7798e],[System.Collections.Generic.List`1[[sem2week1.DTOS.StudentResponseDto, sem2week1, Version=1.0.0.0, Culture=neutral, PublicKeyToken=null]], System.Private.CoreLib, Version=8.0.0.0, Culture=neutral, PublicKeyToken=7cec85d7bea7798e]]'.
2026-04-27 07:37:33.161 +05:45 [INF] Executed action sem2week1.Controllers.StudentController.GetFilteredStudentsIQueryable (sem2week1) in 5.3753ms
2026-04-27 07:37:33.161 +05:45 [INF] Executed endpoint 'sem2week1.Controllers.StudentController.GetFilteredStudentsIQueryable (sem2week1)'
2026-04-27 07:37:33.161 +05:45 [INF] [2026-04-27 01:52:33] GET /api/Student/filtered/iqueryable | User:Anonymous | Status:200 | Time:9.62ms
2026-04-27 07:37:33.161 +05:45 [INF] Request finished HTTP/1.1 GET http://localhost:5150/api/Student/filtered/iqueryable?MinAge=2&MaxAge=60 - 200 null application/json; charset=utf-8 10.1153ms
2026-04-27 07:39:13.563 +05:45 [INF] Request starting HTTP/1.1 POST http://localhost:5150/api/Auth/login - application/json 59
2026-04-27 07:39:13.564 +05:45 [INF] Executing endpoint 'sem2week1.Controllers.AuthController.Login (sem2week1)'
2026-04-27 07:39:13.567 +05:45 [INF] Route matched with {action = "Login", controller = "Auth"}. Executing controller action with signature System.Threading.Tasks.Task`1[Microsoft.AspNetCore.Mvc.IActionResult] Login(sem2week1.DTOS.LoginDto) on controller sem2week1.Controllers.AuthController (sem2week1).
2026-04-27 07:39:13.592 +05:45 [INF] Executed DbCommand (1ms) [Parameters=[@__normalizedEmail_0='?'], CommandType='"Text"', CommandTimeout='30']
SELECT u."Id", u."AccessFailedCount", u."ConcurrencyStamp", u."Email", u."EmailConfirmed", u."FirstName", u."LastName", u."LockoutEnabled", u."LockoutEnd", u."NormalizedEmail", u."NormalizedUserName", u."PasswordHash", u."PhoneNumber", u."PhoneNumberConfirmed", u."SecurityStamp", u."TwoFactorEnabled", u."UserName"
FROM "Users" AS u
WHERE u."NormalizedEmail" = @__normalizedEmail_0
LIMIT 2
2026-04-27 07:39:13.706 +05:45 [INF] Executed DbCommand (1ms) [Parameters=[@__user_Id_0='?'], CommandType='"Text"', CommandTimeout='30']
SELECT a."Id", a."ClaimType", a."ClaimValue", a."UserId"
FROM "AspNetUserClaims" AS a
WHERE a."UserId" = @__user_Id_0
2026-04-27 07:39:13.721 +05:45 [INF] Executed DbCommand (1ms) [Parameters=[@__userId_0='?'], CommandType='"Text"', CommandTimeout='30']
SELECT r."Name"
FROM "AspNetUserRoles" AS a
INNER JOIN "Roles" AS r ON a."RoleId" = r."Id"
WHERE a."UserId" = @__userId_0
2026-04-27 07:39:13.728 +05:45 [INF] AuthenticationScheme: Identity.Application signed in.
2026-04-27 07:39:13.730 +05:45 [INF] Executed DbCommand (1ms) [Parameters=[@__userId_0='?'], CommandType='"Text"', CommandTimeout='30']
SELECT r."Name"
FROM "AspNetUserRoles" AS a
INNER JOIN "Roles" AS r ON a."RoleId" = r."Id"
WHERE a."UserId" = @__userId_0
2026-04-27 07:39:13.740 +05:45 [INF] Executing OkObjectResult, writing value of type 'sem2week1.DTOS.Response.LoginResponse'.
2026-04-27 07:39:13.742 +05:45 [INF] Executed action sem2week1.Controllers.AuthController.Login (sem2week1) in 174.1855ms
2026-04-27 07:39:13.742 +05:45 [INF] Executed endpoint 'sem2week1.Controllers.AuthController.Login (sem2week1)'
2026-04-27 07:39:13.742 +05:45 [INF] [2026-04-27 01:54:13] POST /api/Auth/login | User:Anonymous | Status:200 | Time:178.06ms
2026-04-27 07:39:13.742 +05:45 [INF] Request finished HTTP/1.1 POST http://localhost:5150/api/Auth/login - 200 null application/json; charset=utf-8 178.8577ms
2026-04-27 07:39:20.806 +05:45 [INF] Request starting HTTP/1.1 GET http://localhost:5150/api/Course - null null
2026-04-27 07:39:20.809 +05:45 [INF] Authorization failed. These requirements were not met:
DenyAnonymousAuthorizationRequirement: Requires an authenticated user.
2026-04-27 07:39:20.811 +05:45 [INF] AuthenticationScheme: Bearer was challenged.
2026-04-27 07:39:20.811 +05:45 [INF] [2026-04-27 01:54:20] GET /api/Course | User:Anonymous | Status:401 | Time:4.58ms
2026-04-27 07:39:20.811 +05:45 [INF] Request finished HTTP/1.1 GET http://localhost:5150/api/Course - 401 0 null 4.9538ms
2026-04-27 07:40:30.204 +05:45 [INF] Request starting HTTP/1.1 GET http://localhost:5150/api/Student/filtered?method=iqueryable - null null
2026-04-27 07:40:30.204 +05:45 [INF] Executing endpoint 'sem2week1.Controllers.StudentController.GetFilteredStudents (sem2week1)'
2026-04-27 07:40:30.204 +05:45 [INF] Route matched with {action = "GetFilteredStudents", controller = "Student"}. Executing controller action with signature System.Threading.Tasks.Task`1[Microsoft.AspNetCore.Mvc.IActionResult] GetFilteredStudents(sem2week1.DTOS.StudentFilterDto, System.String) on controller sem2week1.Controllers.StudentController (sem2week1).
2026-04-27 07:40:30.321 +05:45 [INF] Executed DbCommand (1ms) [Parameters=[], CommandType='"Text"', CommandTimeout='30']
SELECT s."Id", s."FirstName", s."LastName", s."DateOfBirth", s."Address", s."Email"
FROM "Students" AS s
2026-04-27 07:40:30.321 +05:45 [INF] Executing OkObjectResult, writing value of type '<>f__AnonymousType4`4[[System.String, System.Private.CoreLib, Version=8.0.0.0, Culture=neutral, PublicKeyToken=7cec85d7bea7798e],[System.Int64, System.Private.CoreLib, Version=8.0.0.0, Culture=neutral, PublicKeyToken=7cec85d7bea7798e],[System.Int32, System.Private.CoreLib, Version=8.0.0.0, Culture=neutral, PublicKeyToken=7cec85d7bea7798e],[System.Collections.Generic.List`1[[sem2week1.DTOS.StudentResponseDto, sem2week1, Version=1.0.0.0, Culture=neutral, PublicKeyToken=null]], System.Private.CoreLib, Version=8.0.0.0, Culture=neutral, PublicKeyToken=7cec85d7bea7798e]]'.
2026-04-27 07:40:30.321 +05:45 [INF] Executed action sem2week1.Controllers.StudentController.GetFilteredStudents (sem2week1) in 117.2009ms
2026-04-27 07:40:30.321 +05:45 [INF] Executed endpoint 'sem2week1.Controllers.StudentController.GetFilteredStudents (sem2week1)'
2026-04-27 07:40:30.321 +05:45 [INF] [2026-04-27 01:55:30] GET /api/Student/filtered | User:Anonymous | Status:200 | Time:117.49ms
2026-04-27 07:40:30.322 +05:45 [INF] Request finished HTTP/1.1 GET http://localhost:5150/api/Student/filtered?method=iqueryable - 200 null application/json; charset=utf-8 117.8316ms
2026-04-27 07:41:08.913 +05:45 [INF] Request starting HTTP/1.1 GET http://localhost:5150/api/Student/filtered?minAge=20&maxAge=30&address=st&method=iqueryable - null null
2026-04-27 07:41:08.913 +05:45 [INF] Executing endpoint 'sem2week1.Controllers.StudentController.GetFilteredStudents (sem2week1)'
2026-04-27 07:41:08.913 +05:45 [INF] Route matched with {action = "GetFilteredStudents", controller = "Student"}. Executing controller action with signature System.Threading.Tasks.Task`1[Microsoft.AspNetCore.Mvc.IActionResult] GetFilteredStudents(sem2week1.DTOS.StudentFilterDto, System.String) on controller sem2week1.Controllers.StudentController (sem2week1).
2026-04-27 07:41:08.915 +05:45 [INF] Executed DbCommand (1ms) [Parameters=[@__maxDateOfBirth_0='?' (DbType = DateTime), @__minDateOfBirth_1='?' (DbType = DateTime), @__addressLower_2_contains='?'], CommandType='"Text"', CommandTimeout='30']
SELECT s."Id", s."FirstName", s."LastName", s."DateOfBirth", s."Address", s."Email"
FROM "Students" AS s
WHERE s."DateOfBirth" <= @__maxDateOfBirth_0 AND s."DateOfBirth" >= @__minDateOfBirth_1 AND lower(s."Address") LIKE @__addressLower_2_contains
2026-04-27 07:41:08.916 +05:45 [INF] Executing OkObjectResult, writing value of type '<>f__AnonymousType4`4[[System.String, System.Private.CoreLib, Version=8.0.0.0, Culture=neutral, PublicKeyToken=7cec85d7bea7798e],[System.Int64, System.Private.CoreLib, Version=8.0.0.0, Culture=neutral, PublicKeyToken=7cec85d7bea7798e],[System.Int32, System.Private.CoreLib, Version=8.0.0.0, Culture=neutral, PublicKeyToken=7cec85d7bea7798e],[System.Collections.Generic.List`1[[sem2week1.DTOS.StudentResponseDto, sem2week1, Version=1.0.0.0, Culture=neutral, PublicKeyToken=null]], System.Private.CoreLib, Version=8.0.0.0, Culture=neutral, PublicKeyToken=7cec85d7bea7798e]]'.
2026-04-27 07:41:08.916 +05:45 [INF] Executed action sem2week1.Controllers.StudentController.GetFilteredStudents (sem2week1) in 2.4092ms
2026-04-27 07:41:08.916 +05:45 [INF] Executed endpoint 'sem2week1.Controllers.StudentController.GetFilteredStudents (sem2week1)'
2026-04-27 07:41:08.916 +05:45 [INF] [2026-04-27 01:56:08] GET /api/Student/filtered | User:Anonymous | Status:200 | Time:2.64ms
2026-04-27 07:41:08.916 +05:45 [INF] Request finished HTTP/1.1 GET http://localhost:5150/api/Student/filtered?minAge=20&maxAge=30&address=st&method=iqueryable - 200 null application/json; charset=utf-8 3.0371ms
2026-04-27 07:44:42.442 +05:45 [INF] Request starting HTTP/1.1 GET http://localhost:5150/api/Student/filtered?minAge=25&method=iqueryable - null null
2026-04-27 07:44:42.443 +05:45 [INF] Executing endpoint 'sem2week1.Controllers.StudentController.GetFilteredStudents (sem2week1)'
2026-04-27 07:44:42.443 +05:45 [INF] Route matched with {action = "GetFilteredStudents", controller = "Student"}. Executing controller action with signature System.Threading.Tasks.Task`1[Microsoft.AspNetCore.Mvc.IActionResult] GetFilteredStudents(sem2week1.DTOS.StudentFilterDto, System.String) on controller sem2week1.Controllers.StudentController (sem2week1).
2026-04-27 07:44:42.444 +05:45 [INF] Executed DbCommand (1ms) [Parameters=[@__maxDateOfBirth_0='?' (DbType = DateTime)], CommandType='"Text"', CommandTimeout='30']
SELECT s."Id", s."FirstName", s."LastName", s."DateOfBirth", s."Address", s."Email"
FROM "Students" AS s
WHERE s."DateOfBirth" <= @__maxDateOfBirth_0
2026-04-27 07:44:42.445 +05:45 [INF] Executing OkObjectResult, writing value of type '<>f__AnonymousType4`4[[System.String, System.Private.CoreLib, Version=8.0.0.0, Culture=neutral, PublicKeyToken=7cec85d7bea7798e],[System.Int64, System.Private.CoreLib, Version=8.0.0.0, Culture=neutral, PublicKeyToken=7cec85d7bea7798e],[System.Int32, System.Private.CoreLib, Version=8.0.0.0, Culture=neutral, PublicKeyToken=7cec85d7bea7798e],[System.Collections.Generic.List`1[[sem2week1.DTOS.StudentResponseDto, sem2week1, Version=1.0.0.0, Culture=neutral, PublicKeyToken=null]], System.Private.CoreLib, Version=8.0.0.0, Culture=neutral, PublicKeyToken=7cec85d7bea7798e]]'.
2026-04-27 07:44:42.445 +05:45 [INF] Executed action sem2week1.Controllers.StudentController.GetFilteredStudents (sem2week1) in 2.2564ms
2026-04-27 07:44:42.445 +05:45 [INF] Executed endpoint 'sem2week1.Controllers.StudentController.GetFilteredStudents (sem2week1)'
2026-04-27 07:44:42.445 +05:45 [INF] [2026-04-27 01:59:42] GET /api/Student/filtered | User:Anonymous | Status:200 | Time:2.52ms
2026-04-27 07:44:42.445 +05:45 [INF] Request finished HTTP/1.1 GET http://localhost:5150/api/Student/filtered?minAge=25&method=iqueryable - 200 null application/json; charset=utf-8 2.8395ms
2026-04-27 07:47:00.209 +05:45 [INF] Request starting HTTP/1.1 POST http://localhost:5150/api/Auth/register-admin - application/json 128
2026-04-27 07:47:00.210 +05:45 [INF] Executing endpoint 'sem2week1.Controllers.AuthController.RegisterAdmin (sem2week1)'
2026-04-27 07:47:00.212 +05:45 [INF] Route matched with {action = "RegisterAdmin", controller = "Auth"}. Executing controller action with signature System.Threading.Tasks.Task`1[Microsoft.AspNetCore.Mvc.IActionResult] RegisterAdmin(sem2week1.DTOS.RegisterAdminDto) on controller sem2week1.Controllers.AuthController (sem2week1).
2026-04-27 07:47:00.335 +05:45 [INF] Executed DbCommand (1ms) [Parameters=[@__normalizedEmail_0='?'], CommandType='"Text"', CommandTimeout='30']
SELECT u."Id", u."AccessFailedCount", u."ConcurrencyStamp", u."Email", u."EmailConfirmed", u."FirstName", u."LastName", u."LockoutEnabled", u."LockoutEnd", u."NormalizedEmail", u."NormalizedUserName", u."PasswordHash", u."PhoneNumber", u."PhoneNumberConfirmed", u."SecurityStamp", u."TwoFactorEnabled", u."UserName"
FROM "Users" AS u
WHERE u."NormalizedEmail" = @__normalizedEmail_0
LIMIT 2
2026-04-27 07:47:00.421 +05:45 [INF] Executed DbCommand (1ms) [Parameters=[@__normalizedUserName_0='?'], CommandType='"Text"', CommandTimeout='30']
SELECT u."Id", u."AccessFailedCount", u."ConcurrencyStamp", u."Email", u."EmailConfirmed", u."FirstName", u."LastName", u."LockoutEnabled", u."LockoutEnd", u."NormalizedEmail", u."NormalizedUserName", u."PasswordHash", u."PhoneNumber", u."PhoneNumberConfirmed", u."SecurityStamp", u."TwoFactorEnabled", u."UserName"
FROM "Users" AS u
WHERE u."NormalizedUserName" = @__normalizedUserName_0
LIMIT 1
2026-04-27 07:47:00.479 +05:45 [INF] Executed DbCommand (3ms) [Parameters=[@p0='?', @p1='?' (DbType = Int32), @p2='?', @p3='?', @p4='?' (DbType = Boolean), @p5='?', @p6='?', @p7='?' (DbType = Boolean), @p8='?' (DbType = DateTime), @p9='?', @p10='?', @p11='?', @p12='?', @p13='?' (DbType = Boolean), @p14='?', @p15='?' (DbType = Boolean), @p16='?'], CommandType='"Text"', CommandTimeout='30']
INSERT INTO "Users" ("Id", "AccessFailedCount", "ConcurrencyStamp", "Email", "EmailConfirmed", "FirstName", "LastName", "LockoutEnabled", "LockoutEnd", "NormalizedEmail", "NormalizedUserName", "PasswordHash", "PhoneNumber", "PhoneNumberConfirmed", "SecurityStamp", "TwoFactorEnabled", "UserName")
VALUES (@p0, @p1, @p2, @p3, @p4, @p5, @p6, @p7, @p8, @p9, @p10, @p11, @p12, @p13, @p14, @p15, @p16);
2026-04-27 07:47:00.490 +05:45 [INF] Executed DbCommand (1ms) [Parameters=[@__normalizedRoleName_0='?'], CommandType='"Text"', CommandTimeout='30']
SELECT r."Id", r."ConcurrencyStamp", r."Name", r."NormalizedName"
FROM "Roles" AS r
WHERE r."NormalizedName" = @__normalizedRoleName_0
LIMIT 2
2026-04-27 07:47:00.506 +05:45 [INF] Executed DbCommand (1ms) [Parameters=[@__p_0='?', @__p_1='?'], CommandType='"Text"', CommandTimeout='30']
SELECT a."UserId", a."RoleId"
FROM "AspNetUserRoles" AS a
WHERE a."UserId" = @__p_0 AND a."RoleId" = @__p_1
LIMIT 1
2026-04-27 07:47:00.508 +05:45 [INF] Executed DbCommand (0ms) [Parameters=[@__normalizedRoleName_0='?'], CommandType='"Text"', CommandTimeout='30']
SELECT r."Id", r."ConcurrencyStamp", r."Name", r."NormalizedName"
FROM "Roles" AS r
WHERE r."NormalizedName" = @__normalizedRoleName_0
LIMIT 2
2026-04-27 07:47:00.516 +05:45 [INF] Executed DbCommand (1ms) [Parameters=[@__normalizedUserName_0='?'], CommandType='"Text"', CommandTimeout='30']
SELECT u."Id", u."AccessFailedCount", u."ConcurrencyStamp", u."Email", u."EmailConfirmed", u."FirstName", u."LastName", u."LockoutEnabled", u."LockoutEnd", u."NormalizedEmail", u."NormalizedUserName", u."PasswordHash", u."PhoneNumber", u."PhoneNumberConfirmed", u."SecurityStamp", u."TwoFactorEnabled", u."UserName"
FROM "Users" AS u
WHERE u."NormalizedUserName" = @__normalizedUserName_0
LIMIT 1
2026-04-27 07:47:00.533 +05:45 [INF] Executed DbCommand (1ms) [Parameters=[@p0='?', @p1='?', @p18='?', @p2='?' (DbType = Int32), @p3='?', @p19='?', @p4='?', @p5='?' (DbType = Boolean), @p6='?', @p7='?', @p8='?' (DbType = Boolean), @p9='?' (DbType = DateTime), @p10='?', @p11='?', @p12='?', @p13='?', @p14='?' (DbType = Boolean), @p15='?', @p16='?' (DbType = Boolean), @p17='?'], CommandType='"Text"', CommandTimeout='30']
INSERT INTO "AspNetUserRoles" ("RoleId", "UserId")
VALUES (@p0, @p1);
UPDATE "Users" SET "AccessFailedCount" = @p2, "ConcurrencyStamp" = @p3, "Email" = @p4, "EmailConfirmed" = @p5, "FirstName" = @p6, "LastName" = @p7, "LockoutEnabled" = @p8, "LockoutEnd" = @p9, "NormalizedEmail" = @p10, "NormalizedUserName" = @p11, "PasswordHash" = @p12, "PhoneNumber" = @p13, "PhoneNumberConfirmed" = @p14, "SecurityStamp" = @p15, "TwoFactorEnabled" = @p16, "UserName" = @p17
WHERE "Id" = @p18 AND "ConcurrencyStamp" = @p19;
2026-04-27 07:47:00.541 +05:45 [INF] Executing OkObjectResult, writing value of type '<>f__AnonymousType0`2[[System.String, System.Private.CoreLib, Version=8.0.0.0, Culture=neutral, PublicKeyToken=7cec85d7bea7798e],[System.String, System.Private.CoreLib, Version=8.0.0.0, Culture=neutral, PublicKeyToken=7cec85d7bea7798e]]'.
2026-04-27 07:47:00.542 +05:45 [INF] Executed action sem2week1.Controllers.AuthController.RegisterAdmin (sem2week1) in 330.1104ms
2026-04-27 07:47:00.542 +05:45 [INF] Executed endpoint 'sem2week1.Controllers.AuthController.RegisterAdmin (sem2week1)'
2026-04-27 07:47:00.542 +05:45 [INF] [2026-04-27 02:02:00] POST /api/Auth/register-admin | User:Anonymous | Status:200 | Time:332.41ms
2026-04-27 07:47:00.542 +05:45 [INF] Request finished HTTP/1.1 POST http://localhost:5150/api/Auth/register-admin - 200 null application/json; charset=utf-8 333.4212ms
2026-04-27 07:47:11.615 +05:45 [INF] Request starting HTTP/1.1 POST http://localhost:5150/api/Auth/login - application/json 58
2026-04-27 07:47:11.616 +05:45 [INF] Executing endpoint 'sem2week1.Controllers.AuthController.Login (sem2week1)'
2026-04-27 07:47:11.616 +05:45 [INF] Route matched with {action = "Login", controller = "Auth"}. Executing controller action with signature System.Threading.Tasks.Task`1[Microsoft.AspNetCore.Mvc.IActionResult] Login(sem2week1.DTOS.LoginDto) on controller sem2week1.Controllers.AuthController (sem2week1).
2026-04-27 07:47:11.628 +05:45 [INF] Executed DbCommand (1ms) [Parameters=[@__normalizedEmail_0='?'], CommandType='"Text"', CommandTimeout='30']
SELECT u."Id", u."AccessFailedCount", u."ConcurrencyStamp", u."Email", u."EmailConfirmed", u."FirstName", u."LastName", u."LockoutEnabled", u."LockoutEnd", u."NormalizedEmail", u."NormalizedUserName", u."PasswordHash", u."PhoneNumber", u."PhoneNumberConfirmed", u."SecurityStamp", u."TwoFactorEnabled", u."UserName"
FROM "Users" AS u
WHERE u."NormalizedEmail" = @__normalizedEmail_0
LIMIT 2
2026-04-27 07:47:11.698 +05:45 [INF] Executed DbCommand (1ms) [Parameters=[@__user_Id_0='?'], CommandType='"Text"', CommandTimeout='30']
SELECT a."Id", a."ClaimType", a."ClaimValue", a."UserId"
FROM "AspNetUserClaims" AS a
WHERE a."UserId" = @__user_Id_0
2026-04-27 07:47:11.700 +05:45 [INF] Executed DbCommand (1ms) [Parameters=[@__userId_0='?'], CommandType='"Text"', CommandTimeout='30']
SELECT r."Name"
FROM "AspNetUserRoles" AS a
INNER JOIN "Roles" AS r ON a."RoleId" = r."Id"
WHERE a."UserId" = @__userId_0
2026-04-27 07:47:11.703 +05:45 [INF] Executed DbCommand (0ms) [Parameters=[@__normalizedName_0='?'], CommandType='"Text"', CommandTimeout='30']
SELECT r."Id", r."ConcurrencyStamp", r."Name", r."NormalizedName"
FROM "Roles" AS r
WHERE r."NormalizedName" = @__normalizedName_0
LIMIT 1
2026-04-27 07:47:11.707 +05:45 [INF] Executed DbCommand (1ms) [Parameters=[@__role_Id_0='?'], CommandType='"Text"', CommandTimeout='30']
SELECT a."ClaimType", a."ClaimValue"
FROM "AspNetRoleClaims" AS a
WHERE a."RoleId" = @__role_Id_0
2026-04-27 07:47:11.709 +05:45 [INF] AuthenticationScheme: Identity.Application signed in.
2026-04-27 07:47:11.710 +05:45 [INF] Executed DbCommand (0ms) [Parameters=[@__userId_0='?'], CommandType='"Text"', CommandTimeout='30']
SELECT r."Name"
FROM "AspNetUserRoles" AS a
INNER JOIN "Roles" AS r ON a."RoleId" = r."Id"
WHERE a."UserId" = @__userId_0
2026-04-27 07:47:11.710 +05:45 [INF] Executing OkObjectResult, writing value of type 'sem2week1.DTOS.Response.LoginResponse'.
2026-04-27 07:47:11.710 +05:45 [INF] Executed action sem2week1.Controllers.AuthController.Login (sem2week1) in 94.2065ms
2026-04-27 07:47:11.710 +05:45 [INF] Executed endpoint 'sem2week1.Controllers.AuthController.Login (sem2week1)'
2026-04-27 07:47:11.710 +05:45 [INF] [2026-04-27 02:02:11] POST /api/Auth/login | User:Anonymous | Status:200 | Time:94.45ms
2026-04-27 07:47:11.710 +05:45 [INF] Request finished HTTP/1.1 POST http://localhost:5150/api/Auth/login - 200 null application/json; charset=utf-8 94.9679ms
2026-04-27 07:47:11.720 +05:45 [INF] Request starting HTTP/1.1 GET http://localhost:5150/api/Course - null null
2026-04-27 07:47:11.753 +05:45 [INF] Executing endpoint 'sem2week1.Controllers.CourseController.GetAllCourses (sem2week1)'
2026-04-27 07:47:11.754 +05:45 [INF] Route matched with {action = "GetAllCourses", controller = "Course"}. Executing controller action with signature Microsoft.AspNetCore.Mvc.IActionResult GetAllCourses() on controller sem2week1.Controllers.CourseController (sem2week1).
2026-04-27 07:47:11.802 +05:45 [INF] Executed DbCommand (4ms) [Parameters=[], CommandType='"Text"', CommandTimeout='30']
SELECT c."Id", c."DurationYear", c."Name", m."Id", m."CourseId", m."Credits", m."Title"
FROM "Courses" AS c
LEFT JOIN "Modules" AS m ON c."Id" = m."CourseId"
ORDER BY c."Id"
2026-04-27 07:47:11.831 +05:45 [INF] Executing OkObjectResult, writing value of type 'System.Collections.Generic.List`1[[sem2week1.Database.Entities.Course, sem2week1, Version=1.0.0.0, Culture=neutral, PublicKeyToken=null]]'.
2026-04-27 07:47:11.839 +05:45 [INF] Executed action sem2week1.Controllers.CourseController.GetAllCourses (sem2week1) in 84.4124ms
2026-04-27 07:47:11.839 +05:45 [INF] Executed endpoint 'sem2week1.Controllers.CourseController.GetAllCourses (sem2week1)'
2026-04-27 07:47:11.839 +05:45 [INF] [2026-04-27 02:02:11] GET /api/Course | User:Admin | Status:200 | Time:86.74ms
2026-04-27 07:47:11.840 +05:45 [INF] Request finished HTTP/1.1 GET http://localhost:5150/api/Course - 200 null application/json; charset=utf-8 120.3365ms
2026-04-27 07:48:54.352 +05:45 [INF] User profile is available. Using '/home/susant/.aspnet/DataProtection-Keys' as key repository; keys will not be encrypted at rest.
2026-04-27 07:48:54.461 +05:45 [INF] Now listening on: http://localhost:5150
2026-04-27 07:48:54.462 +05:45 [INF] Application started. Press Ctrl+C to shut down.
2026-04-27 07:48:54.463 +05:45 [INF] Hosting environment: Development
2026-04-27 07:48:54.463 +05:45 [INF] Content root path: /home/susant/RiderProjects/sem2week1
2026-04-27 07:49:06.735 +05:45 [INF] Request starting HTTP/1.1 GET http://localhost:5150/swagger/v1/swagger.json - null null
2026-04-27 07:49:06.829 +05:45 [INF] Request finished HTTP/1.1 GET http://localhost:5150/swagger/v1/swagger.json - 200 null application/json;charset=utf-8 95.0265ms
2026-04-27 07:50:02.159 +05:45 [INF] Request starting HTTP/1.1 GET http://localhost:5150/swagger/v1/swagger.json - null null
2026-04-27 07:50:02.171 +05:45 [INF] Request finished HTTP/1.1 GET http://localhost:5150/swagger/v1/swagger.json - 200 null application/json;charset=utf-8 12.5691ms
2026-04-27 07:50:13.272 +05:45 [INF] Request starting HTTP/1.1 GET http://localhost:5150/swagger/v1/swagger.json - null null
2026-04-27 07:50:13.281 +05:45 [INF] Request finished HTTP/1.1 GET http://localhost:5150/swagger/v1/swagger.json - 200 null application/json;charset=utf-8 8.4643ms
2026-04-27 07:52:39.938 +05:45 [INF] User profile is available. Using '/home/susant/.aspnet/DataProtection-Keys' as key 2026-04-27 07:52:40.107 +05:45 [INF] Request fin2026-04-27 07:52:40.304 +05:45 [ERR] Hosting failed to start
System.IO.IOException: Failed to bind to add2026-04-27 07:52:40.445 +05:45 [INF] Request starting HTTP/1.1 GET http://localhost:5150/swagger/v1/swagger.json - null null
2026-04-27 07:52:40.457 +05:45 [INF] Request finished HTTP/1.1 GET http://localhost:5150/swagger/v1/swagger.json - 200 null application/json;charset=utf-8 12.0242ms
2026-04-27 07:53:02.569 +05:45 [INF] Request starting HTTP/1.1 POST http://localhost:5150/api/Auth/login - application/json 59
2026-04-27 07:53:02.573 +05:45 [WRN] Failed to determine the https port for redirect.
2026-04-27 07:53:02.589 +05:45 [INF] Executing endpoint 'sem2week1.Controllers.AuthController.Login (sem2week1)'
2026-04-27 07:53:02.604 +05:45 [INF] Route matched with {action = "Login", controller = "Auth"}. Executing controller action with signature System.Threading.Tasks.Task`1[Microsoft.AspNetCore.Mvc.IActionResult] Login(sem2week1.DTOS.LoginDto) on controller sem2week1.Controllers.AuthController (sem2week1).
2026-04-27 07:53:03.537 +05:45 [INF] Executed DbCommand (33ms) [Parameters=[@__normalizedEmail_0='?'], CommandType='"Text"', CommandTimeout='30']
SELECT u."Id", u."AccessFailedCount", u."ConcurrencyStamp", u."Email", u."EmailConfirmed", u."FirstName", u."LastName", u."LockoutEnabled", u."LockoutEnd", u."NormalizedEmail", u."NormalizedUserName", u."PasswordHash", u."PhoneNumber", u."PhoneNumberConfirmed", u."SecurityStamp", u."TwoFactorEnabled", u."UserName"
FROM "Users" AS u
WHERE u."NormalizedEmail" = @__normalizedEmail_0
LIMIT 2
2026-04-27 07:53:03.713 +05:45 [INF] Executed DbCommand (2ms) [Parameters=[@__user_Id_0='?'], CommandType='"Text"', CommandTimeout='30']
SELECT a."Id", a."ClaimType", a."ClaimValue", a."UserId"
FROM "AspNetUserClaims" AS a
WHERE a."UserId" = @__user_Id_0
2026-04-27 07:53:03.728 +05:45 [INF] Executed DbCommand (1ms) [Parameters=[@__userId_0='?'], CommandType='"Text"', CommandTimeout='30']
SELECT r."Name"
FROM "AspNetUserRoles" AS a
INNER JOIN "Roles" AS r ON a."RoleId" = r."Id"
WHERE a."UserId" = @__userId_0
2026-04-27 07:53:03.737 +05:45 [INF] AuthenticationScheme: Identity.Application signed in.
2026-04-27 07:53:03.740 +05:45 [INF] Executed DbCommand (1ms) [Parameters=[@__userId_0='?'], CommandType='"Text"', CommandTimeout='30']
SELECT r."Name"
FROM "AspNetUserRoles" AS a
INNER JOIN "Roles" AS r ON a."RoleId" = r."Id"
WHERE a."UserId" = @__userId_0
2026-04-27 07:53:03.755 +05:45 [INF] Executing OkObjectResult, writing value of type 'sem2week1.DTOS.Response.LoginResponse'.
2026-04-27 07:53:03.761 +05:45 [INF] Executed action sem2week1.Controllers.AuthController.Login (sem2week1) in 1154.3746ms
2026-04-27 07:53:03.761 +05:45 [INF] Executed endpoint 'sem2week1.Controllers.AuthController.Login (sem2week1)'
2026-04-27 07:53:03.762 +05:45 [INF] [2026-04-27 02:08:02] POST /api/Auth/login | User:Anonymous | Status:200 | Time:1173.99ms
2026-04-27 07:53:03.768 +05:45 [INF] Request finished HTTP/1.1 POST http://localhost:5150/api/Auth/login - 200 null application/json; charset=utf-8 1199.1312ms
2026-04-27 07:53:18.289 +05:45 [INF] Request starting HTTP/1.1 GET http://localhost:5150/api/Course - null null
2026-04-27 07:53:18.298 +05:45 [INF] Authorization failed. These requirements were not met:
DenyAnonymousAuthorizationRequirement: Requires an authenticated user.
2026-04-27 07:53:18.301 +05:45 [INF] AuthenticationScheme: Bearer was challenged.
2026-04-27 07:53:18.301 +05:45 [INF] [2026-04-27 02:08:18] GET /api/Course | User:Anonymous | Status:401 | Time:7.27ms
2026-04-27 07:53:18.301 +05:45 [INF] Request finished HTTP/1.1 GET http://localhost:5150/api/Course - 401 0 null 11.6598ms
2026-04-27 07:53:44.563 +05:45 [INF] Request starting HTTP/1.1 GET http://localhost:5150/api/Course - null null
2026-04-27 07:53:44.593 +05:45 [INF] Executing endpoint 'sem2week1.Controllers.CourseController.GetAllCourses (sem2week1)'
2026-04-27 07:53:44.594 +05:45 [INF] Route matched with {action = "GetAllCourses", controller = "Course"}. Executing controller action with signature Microsoft.AspNetCore.Mvc.IActionResult GetAllCourses() on controller sem2week1.Controllers.CourseController (sem2week1).
2026-04-27 07:53:44.656 +05:45 [INF] Executed DbCommand (2ms) [Parameters=[], CommandType='"Text"', CommandTimeout='30']
SELECT c."Id", c."DurationYear", c."Name", m."Id", m."CourseId", m."Credits", m."Title"
FROM "Courses" AS c
LEFT JOIN "Modules" AS m ON c."Id" = m."CourseId"
ORDER BY c."Id"
2026-04-27 07:53:44.680 +05:45 [INF] Executing OkObjectResult, writing value of type 'System.Collections.Generic.List`1[[sem2week1.Database.Entities.Course, sem2week1, Version=1.0.0.0, Culture=neutral, PublicKeyToken=null]]'.
2026-04-27 07:53:44.686 +05:45 [INF] Executed action sem2week1.Controllers.CourseController.GetAllCourses (sem2week1) in 91.4983ms
2026-04-27 07:53:44.686 +05:45 [INF] Executed endpoint 'sem2week1.Controllers.CourseController.GetAllCourses (sem2week1)'
2026-04-27 07:53:44.686 +05:45 [INF] [2026-04-27 02:08:44] GET /api/Course | User: | Status:200 | Time:94.67ms
2026-04-27 07:53:44.686 +05:45 [INF] Request finished HTTP/1.1 GET http://localhost:5150/api/Course - 200 null application/json; charset=utf-8 123.3273ms
2026-04-27 07:58:42.174 +05:45 [INF] Request starting HTTP/1.1 GET http://localhost:5150/swagger/index.html - null null
2026-04-27 07:58:42.184 +05:45 [INF] Request finished HTTP/1.1 GET http://localhost:5150/swagger/index.html - 200 null text/html;charset=utf-8 9.1135ms
2026-04-27 07:58:42.702 +05:45 [INF] Request starting HTTP/1.1 GET http://localhost:5150/swagger/v1/swagger.json - null null
2026-04-27 07:58:43.469 +05:45 [INF] Request finished HTTP/1.1 GET http://localhost:5150/swagger/v1/swagger.json - 200 null application/json;charset=utf-8 766.2122ms
2026-04-27 08:02:06.217 +05:45 [INF] Request starting HTTP/1.1 GET http://localhost:5150/swagger/index.html - null null
2026-04-27 08:02:06.218 +05:45 [INF] Request fin2026-04-27 08:02:06.245 +05:45 [ERR] Hosting failed to start
System.IO.IOException: Failed to bind to ad2026-04-27 08:02:07.134 +05:45 [INF] Request starting HTTP/1.1 GET http://localhost:5150/swagger/v1/swagger.json - null null
2026-04-27 08:02:07.152 +05:45 [INF] Request finished HTTP/1.1 GET http://localhost:5150/swagger/v1/swagger.json - 200 null application/json;charset=utf-8 18.2587ms
2026-04-27 08:03:14.186 +05:45 [INF] Request starting HTTP/1.1 POST http://localhost:5150/api/Auth/login - application/json 59
2026-04-27 08:03:14.192 +05:45 [INF] Executing endpoint 'sem2week1.Controllers.AuthController.Login (sem2week1)'
2026-04-27 08:03:14.192 +05:45 [INF] Route matched with {action = "Login", controller = "Auth"}. Executing controller action with signature System.Threading.Tasks.Task`1[Microsoft.AspNetCore.Mvc.IActionResult] Login(sem2week1.DTOS.LoginDto) on controller sem2week1.Controllers.AuthController (sem2week1).
2026-04-27 08:03:15.237 +05:45 [INF] Executed DbCommand (44ms) [Parameters=[@__normalizedEmail_0='?'], CommandType='"Text"', CommandTimeout='30']
SELECT u."Id", u."AccessFailedCount", u."ConcurrencyStamp", u."Email", u."EmailConfirmed", u."FirstName", u."LastName", u."LockoutEnabled", u."LockoutEnd", u."NormalizedEmail", u."NormalizedUserName", u."PasswordHash", u."PhoneNumber", u."PhoneNumberConfirmed", u."SecurityStamp", u."TwoFactorEnabled", u."UserName"
FROM "Users" AS u
WHERE u."NormalizedEmail" = @__normalizedEmail_0
LIMIT 2
2026-04-27 08:03:15.318 +05:45 [INF] Executed DbCommand (1ms) [Parameters=[@__user_Id_0='?'], CommandType='"Text"', CommandTimeout='30']
SELECT a."Id", a."ClaimType", a."ClaimValue", a."UserId"
FROM "AspNetUserClaims" AS a
WHERE a."UserId" = @__user_Id_0
2026-04-27 08:03:15.319 +05:45 [INF] Executed DbCommand (1ms) [Parameters=[@__userId_0='?'], CommandType='"Text"', CommandTimeout='30']
SELECT r."Name"
FROM "AspNetUserRoles" AS a
INNER JOIN "Roles" AS r ON a."RoleId" = r."Id"
WHERE a."UserId" = @__userId_0
2026-04-27 08:03:15.320 +05:45 [INF] AuthenticationScheme: Identity.Application signed in.
2026-04-27 08:03:15.321 +05:45 [INF] Executed DbCommand (0ms) [Parameters=[@__userId_0='?'], CommandType='"Text"', CommandTimeout='30']
SELECT r."Name"
FROM "AspNetUserRoles" AS a
INNER JOIN "Roles" AS r ON a."RoleId" = r."Id"
WHERE a."UserId" = @__userId_0
2026-04-27 08:03:15.321 +05:45 [INF] Executing OkObjectResult, writing value of type 'sem2week1.DTOS.Response.LoginResponse'.
2026-04-27 08:03:15.322 +05:45 [INF] Executed action sem2week1.Controllers.AuthController.Login (sem2week1) in 1129.2473ms
2026-04-27 08:03:15.322 +05:45 [INF] Executed endpoint 'sem2week1.Controllers.AuthController.Login (sem2week1)'
2026-04-27 08:03:15.322 +05:45 [INF] [2026-04-27 02:18:14] POST /api/Auth/login | User:Anonymous | Status:200 | Time:1129.71ms
2026-04-27 08:03:15.322 +05:45 [INF] Request finished HTTP/1.1 POST http://localhost:5150/api/Auth/login - 200 null application/json; charset=utf-8 1136.3622ms
2026-04-27 08:03:47.955 +05:45 [INF] Request starting HTTP/1.1 GET http://localhost:5150/api/Course - null null
2026-04-27 08:03:47.957 +05:45 [INF] Executing endpoint 'sem2week1.Controllers.CourseController.GetAllCourses (sem2week1)'
2026-04-27 08:03:47.957 +05:45 [INF] Route matched with {action = "GetAllCourses", controller = "Course"}. Executing controller action with signature Microsoft.AspNetCore.Mvc.IActionResult GetAllCourses() on controller sem2week1.Controllers.CourseController (sem2week1).
2026-04-27 08:03:47.959 +05:45 [INF] Executed DbCommand (1ms) [Parameters=[], CommandType='"Text"', CommandTimeout='30']
SELECT c."Id", c."DurationYear", c."Name", m."Id", m."CourseId", m."Credits", m."Title"
FROM "Courses" AS c
LEFT JOIN "Modules" AS m ON c."Id" = m."CourseId"
ORDER BY c."Id"
2026-04-27 08:03:47.960 +05:45 [INF] Executing OkObjectResult, writing value of type 'System.Collections.Generic.List`1[[sem2week1.Database.Entities.Course, sem2week1, Version=1.0.0.0, Culture=neutral, PublicKeyToken=null]]'.
2026-04-27 08:03:47.961 +05:45 [INF] Executed action sem2week1.Controllers.CourseController.GetAllCourses (sem2week1) in 3.7597ms
2026-04-27 08:03:47.961 +05:45 [INF] Executed endpoint 'sem2week1.Controllers.CourseController.GetAllCourses (sem2week1)'
2026-04-27 08:03:47.961 +05:45 [INF] [2026-04-27 02:18:47] GET /api/Course | User: | Status:200 | Time:5.11ms
2026-04-27 08:03:47.961 +05:45 [INF] Request finished HTTP/1.1 GET http://localhost:5150/api/Course - 200 null application/json; charset=utf-8 6.016ms
2026-04-27 08:04:00.846 +05:45 [INF] Request starting HTTP/1.1 GET http://localhost:5150/.well-known/appspecific/com.chrome.devtools.json - null null
2026-04-27 08:04:00.847 +05:45 [INF] [2026-04-27 02:19:00] GET /.well-known/appspecific/com.chrome.devtools.json | User:Anonymous | Status:404 | Time:0.10ms
2026-04-27 08:04:00.847 +05:45 [INF] Request finished HTTP/1.1 GET http://localhost:5150/.well-known/appspecific/com.chrome.devtools.json - 404 0 null 0.6312ms
2026-04-27 08:04:00.847 +05:45 [INF] Request reached the end of the middleware pipeline without being handled by application code. Request path: GET http://localhost:5150/.well-known/appspecific/com.chrome.devtools.json, Response status code: 404
2026-04-27 08:09:44.501 +05:45 [INF] Request starting HTTP/1.1 POST http://localhost:5150/api/Auth/register-admin - application/json 106
2026-04-27 08:09:44.502 +05:45 [INF] Executing endpoint 'sem2week1.Controllers.AuthController.RegisterAdmin (sem2week1)'
2026-04-27 08:09:44.505 +05:45 [INF] Route matched with {action = "RegisterAdmin", controller = "Auth"}. Executing controller action with signature System.Threading.Tasks.Task`1[Microsoft.AspNetCore.Mvc.IActionResult] RegisterAdmin(sem2week1.DTOS.RegisterAdminDto) on controller sem2week1.Controllers.AuthController (sem2week1).
2026-04-27 08:09:44.624 +05:45 [INF] Executed DbCommand (1ms) [Parameters=[@__normalizedEmail_0='?'], CommandType='"Text"', CommandTimeout='30']
SELECT u."Id", u."AccessFailedCount", u."ConcurrencyStamp", u."Email", u."EmailConfirmed", u."FirstName", u."LastName", u."LockoutEnabled", u."LockoutEnd", u."NormalizedEmail", u."NormalizedUserName", u."PasswordHash", u."PhoneNumber", u."PhoneNumberConfirmed", u."SecurityStamp", u."TwoFactorEnabled", u."UserName"
FROM "Users" AS u
WHERE u."NormalizedEmail" = @__normalizedEmail_0
LIMIT 2
2026-04-27 08:09:44.711 +05:45 [INF] Executed DbCommand (1ms) [Parameters=[@__normalizedUserName_0='?'], CommandType='"Text"', CommandTimeout='30']
SELECT u."Id", u."AccessFailedCount", u."ConcurrencyStamp", u."Email", u."EmailConfirmed", u."FirstName", u."LastName", u."LockoutEnabled", u."LockoutEnd", u."NormalizedEmail", u."NormalizedUserName", u."PasswordHash", u."PhoneNumber", u."PhoneNumberConfirmed", u."SecurityStamp", u."TwoFactorEnabled", u."UserName"
FROM "Users" AS u
WHERE u."NormalizedUserName" = @__normalizedUserName_0
LIMIT 1
2026-04-27 08:09:44.780 +05:45 [INF] Executed DbCommand (13ms) [Parameters=[@p0='?', @p1='?' (DbType = Int32), @p2='?', @p3='?', @p4='?' (DbType = Boolean), @p5='?', @p6='?', @p7='?' (DbType = Boolean), @p8='?' (DbType = DateTime), @p9='?', @p10='?', @p11='?', @p12='?', @p13='?' (DbType = Boolean), @p14='?', @p15='?' (DbType = Boolean), @p16='?'], CommandType='"Text"', CommandTimeout='30']
INSERT INTO "Users" ("Id", "AccessFailedCount", "ConcurrencyStamp", "Email", "EmailConfirmed", "FirstName", "LastName", "LockoutEnabled", "LockoutEnd", "NormalizedEmail", "NormalizedUserName", "PasswordHash", "PhoneNumber", "PhoneNumberConfirmed", "SecurityStamp", "TwoFactorEnabled", "UserName")
VALUES (@p0, @p1, @p2, @p3, @p4, @p5, @p6, @p7, @p8, @p9, @p10, @p11, @p12, @p13, @p14, @p15, @p16);
2026-04-27 08:09:44.791 +05:45 [INF] Executed DbCommand (1ms) [Parameters=[@__normalizedRoleName_0='?'], CommandType='"Text"', CommandTimeout='30']
SELECT r."Id", r."ConcurrencyStamp", r."Name", r."NormalizedName"
FROM "Roles" AS r
WHERE r."NormalizedName" = @__normalizedRoleName_0
LIMIT 2
2026-04-27 08:09:44.809 +05:45 [INF] Executed DbCommand (1ms) [Parameters=[@__p_0='?', @__p_1='?'], CommandType='"Text"', CommandTimeout='30']
SELECT a."UserId", a."RoleId"
FROM "AspNetUserRoles" AS a
WHERE a."UserId" = @__p_0 AND a."RoleId" = @__p_1
LIMIT 1
2026-04-27 08:09:44.811 +05:45 [INF] Executed DbCommand (0ms) [Parameters=[@__normalizedRoleName_0='?'], CommandType='"Text"', CommandTimeout='30']
SELECT r."Id", r."ConcurrencyStamp", r."Name", r."NormalizedName"
FROM "Roles" AS r
WHERE r."NormalizedName" = @__normalizedRoleName_0
LIMIT 2
2026-04-27 08:09:44.820 +05:45 [INF] Executed DbCommand (1ms) [Parameters=[@__normalizedUserName_0='?'], CommandType='"Text"', CommandTimeout='30']
SELECT u."Id", u."AccessFailedCount", u."ConcurrencyStamp", u."Email", u."EmailConfirmed", u."FirstName", u."LastName", u."LockoutEnabled", u."LockoutEnd", u."NormalizedEmail", u."NormalizedUserName", u."PasswordHash", u."PhoneNumber", u."PhoneNumberConfirmed", u."SecurityStamp", u."TwoFactorEnabled", u."UserName"
FROM "Users" AS u
WHERE u."NormalizedUserName" = @__normalizedUserName_0
LIMIT 1
2026-04-27 08:09:44.838 +05:45 [INF] Executed DbCommand (1ms) [Parameters=[@p0='?', @p1='?', @p18='?', @p2='?' (DbType = Int32), @p3='?', @p19='?', @p4='?', @p5='?' (DbType = Boolean), @p6='?', @p7='?', @p8='?' (DbType = Boolean), @p9='?' (DbType = DateTime), @p10='?', @p11='?', @p12='?', @p13='?', @p14='?' (DbType = Boolean), @p15='?', @p16='?' (DbType = Boolean), @p17='?'], CommandType='"Text"', CommandTimeout='30']
INSERT INTO "AspNetUserRoles" ("RoleId", "UserId")
VALUES (@p0, @p1);
UPDATE "Users" SET "AccessFailedCount" = @p2, "ConcurrencyStamp" = @p3, "Email" = @p4, "EmailConfirmed" = @p5, "FirstName" = @p6, "LastName" = @p7, "LockoutEnabled" = @p8, "LockoutEnd" = @p9, "NormalizedEmail" = @p10, "NormalizedUserName" = @p11, "PasswordHash" = @p12, "PhoneNumber" = @p13, "PhoneNumberConfirmed" = @p14, "SecurityStamp" = @p15, "TwoFactorEnabled" = @p16, "UserName" = @p17
WHERE "Id" = @p18 AND "ConcurrencyStamp" = @p19;
2026-04-27 08:09:44.854 +05:45 [INF] Executing OkObjectResult, writing value of type '<>f__AnonymousType0`2[[System.String, System.Private.CoreLib, Version=8.0.0.0, Culture=neutral, PublicKeyToken=7cec85d7bea7798e],[System.String, System.Private.CoreLib, Version=8.0.0.0, Culture=neutral, PublicKeyToken=7cec85d7bea7798e]]'.
2026-04-27 08:09:44.855 +05:45 [INF] Executed action sem2week1.Controllers.AuthController.RegisterAdmin (sem2week1) in 350.3ms
2026-04-27 08:09:44.855 +05:45 [INF] Executed endpoint 'sem2week1.Controllers.AuthController.RegisterAdmin (sem2week1)'
2026-04-27 08:09:44.855 +05:45 [INF] [2026-04-27 02:24:44] POST /api/Auth/register-admin | User: | Status:200 | Time:353.76ms
2026-04-27 08:09:44.856 +05:45 [INF] Request finished HTTP/1.1 POST http://localhost:5150/api/Auth/register-admin - 200 null application/json; charset=utf-8 354.3107ms
2026-04-27 08:10:19.081 +05:45 [INF] Request starting HTTP/1.1 POST http://localhost:5150/api/Auth/login - application/json 58
2026-04-27 08:10:19.082 +05:45 [INF] Executing endpoint 'sem2week1.Controllers.AuthController.Login (sem2week1)'
2026-04-27 08:10:19.082 +05:45 [INF] Route matched with {action = "Login", controller = "Auth"}. Executing controller action with signature System.Threading.Tasks.Task`1[Microsoft.AspNetCore.Mvc.IActionResult] Login(sem2week1.DTOS.LoginDto) on controller sem2week1.Controllers.AuthController (sem2week1).
2026-04-27 08:10:19.084 +05:45 [INF] Executed DbCommand (1ms) [Parameters=[@__normalizedEmail_0='?'], CommandType='"Text"', CommandTimeout='30']
SELECT u."Id", u."AccessFailedCount", u."ConcurrencyStamp", u."Email", u."EmailConfirmed", u."FirstName", u."LastName", u."LockoutEnabled", u."LockoutEnd", u."NormalizedEmail", u."NormalizedUserName", u."PasswordHash", u."PhoneNumber", u."PhoneNumberConfirmed", u."SecurityStamp", u."TwoFactorEnabled", u."UserName"
FROM "Users" AS u
WHERE u."NormalizedEmail" = @__normalizedEmail_0
LIMIT 2
2026-04-27 08:10:19.155 +05:45 [INF] Executed DbCommand (1ms) [Parameters=[@__user_Id_0='?'], CommandType='"Text"', CommandTimeout='30']
SELECT a."Id", a."ClaimType", a."ClaimValue", a."UserId"
FROM "AspNetUserClaims" AS a
WHERE a."UserId" = @__user_Id_0
2026-04-27 08:10:19.156 +05:45 [INF] Executed DbCommand (1ms) [Parameters=[@__userId_0='?'], CommandType='"Text"', CommandTimeout='30']
SELECT r."Name"
FROM "AspNetUserRoles" AS a
INNER JOIN "Roles" AS r ON a."RoleId" = r."Id"
WHERE a."UserId" = @__userId_0
2026-04-27 08:10:19.160 +05:45 [INF] Executed DbCommand (0ms) [Parameters=[@__normalizedName_0='?'], CommandType='"Text"', CommandTimeout='30']
SELECT r."Id", r."ConcurrencyStamp", r."Name", r."NormalizedName"
FROM "Roles" AS r
WHERE r."NormalizedName" = @__normalizedName_0
LIMIT 1
2026-04-27 08:10:19.165 +05:45 [INF] Executed DbCommand (1ms) [Parameters=[@__role_Id_0='?'], CommandType='"Text"', CommandTimeout='30']
SELECT a."ClaimType", a."ClaimValue"
FROM "AspNetRoleClaims" AS a
WHERE a."RoleId" = @__role_Id_0
2026-04-27 08:10:19.166 +05:45 [INF] AuthenticationScheme: Identity.Application signed in.
2026-04-27 08:10:19.167 +05:45 [INF] Executed DbCommand (0ms) [Parameters=[@__userId_0='?'], CommandType='"Text"', CommandTimeout='30']
SELECT r."Name"
FROM "AspNetUserRoles" AS a
INNER JOIN "Roles" AS r ON a."RoleId" = r."Id"
WHERE a."UserId" = @__userId_0
2026-04-27 08:10:19.167 +05:45 [INF] Executing OkObjectResult, writing value of type 'sem2week1.DTOS.Response.LoginResponse'.
2026-04-27 08:10:19.167 +05:45 [INF] Executed action sem2week1.Controllers.AuthController.Login (sem2week1) in 85.1489ms
2026-04-27 08:10:19.167 +05:45 [INF] Executed endpoint 'sem2week1.Controllers.AuthController.Login (sem2week1)'
2026-04-27 08:10:19.167 +05:45 [INF] [2026-04-27 02:25:19] POST /api/Auth/login | User: | Status:200 | Time:85.39ms
2026-04-27 08:10:19.167 +05:45 [INF] Request finished HTTP/1.1 POST http://localhost:5150/api/Auth/login - 200 null application/json; charset=utf-8 85.9645ms
2026-04-27 08:11:34.962 +05:45 [INF] Request starting HTTP/1.1 GET http://localhost:5150/api/Student/filtered/ienumerable - null null
2026-04-27 08:11:34.963 +05:45 [INF] Executing endpoint 'sem2week1.Controllers.StudentController.GetFilteredStudentsIEnumerable (sem2week1)'
2026-04-27 08:11:34.968 +05:45 [INF] Route matched with {action = "GetFilteredStudentsIEnumerable", controller = "Student"}. Executing controller action with signature System.Threading.Tasks.Task`1[Microsoft.AspNetCore.Mvc.IActionResult] GetFilteredStudentsIEnumerable(sem2week1.DTOS.StudentFilterDto) on controller sem2week1.Controllers.StudentController (sem2week1).
2026-04-27 08:11:34.978 +05:45 [INF] Executed DbCommand (1ms) [Parameters=[], CommandType='"Text"', CommandTimeout='30']
SELECT s."Id", s."Address", s."DateOfBirth", s."Email", s."FirstName", s."LastName", s."Phone"
FROM "Students" AS s
2026-04-27 08:11:34.989 +05:45 [INF] Executing OkObjectResult, writing value of type '<>f__AnonymousType4`4[[System.String, System.Private.CoreLib, Version=8.0.0.0, Culture=neutral, PublicKeyToken=7cec85d7bea7798e],[System.Int64, System.Private.CoreLib, Version=8.0.0.0, Culture=neutral, PublicKeyToken=7cec85d7bea7798e],[System.Int32, System.Private.CoreLib, Version=8.0.0.0, Culture=neutral, PublicKeyToken=7cec85d7bea7798e],[System.Collections.Generic.List`1[[sem2week1.DTOS.StudentResponseDto, sem2week1, Version=1.0.0.0, Culture=neutral, PublicKeyToken=null]], System.Private.CoreLib, Version=8.0.0.0, Culture=neutral, PublicKeyToken=7cec85d7bea7798e]]'.
2026-04-27 08:11:34.993 +05:45 [INF] Executed action sem2week1.Controllers.StudentController.GetFilteredStudentsIEnumerable (sem2week1) in 25.5963ms
2026-04-27 08:11:34.993 +05:45 [INF] Executed endpoint 'sem2week1.Controllers.StudentController.GetFilteredStudentsIEnumerable (sem2week1)'
2026-04-27 08:11:34.993 +05:45 [INF] [2026-04-27 02:26:34] GET /api/Student/filtered/ienumerable | User: | Status:200 | Time:30.78ms
2026-04-27 08:11:34.993 +05:45 [INF] Request finished HTTP/1.1 GET http://localhost:5150/api/Student/filtered/ienumerable - 200 null application/json; charset=utf-8 31.4184ms
2026-04-27 08:21:03.144 +05:45 [INF] Request starting HTTP/1.1 GET http://localhost:5150/swagger/index.html - null null
2026-04-27 08:21:03.145 +05:45 [INF] Request finished HTTP/1.1 GET http://localhost:5150/swagger/index.html - 200 null text/html;charset=utf-8 0.7479ms
2026-04-27 08:21:03.732 +05:45 [INF] Request starting HTTP/1.1 GET http://localhost:5150/swagger/v1/swagger.json - null null
2026-04-27 08:21:03.751 +05:45 [INF] Request finished HTTP/1.1 GET http://localhost:5150/swagger/v1/swagger.json - 200 null application/json;charset=utf-8 19.3776ms
2026-04-27 08:25:25.390 +05:45 [INF] Request starting HTTP/1.1 GET http://localhost:5150/swagger/index.html - null null
2026-04-27 08:25:25.390 +05:45 [INF] Request finished HTTP/1.1 GET http://localhost:5150/swagger/index.html - 200 null text/html;charset=utf-8 0.5173ms
2026-04-27 08:25:25.583 +05:45 [INF] Request starting HTTP/1.1 GET http://localhost:5150/swagger/v1/swagger.json - null null
2026-04-27 08:25:25.588 +05:45 [INF] Request finished HTTP/1.1 GET http://localhost:5150/swagger/v1/swagger.json - 200 null application/json;charset=utf-8 4.9982ms
2026-04-27 08:31:17.322 +05:45 [INF] Request starting HTTP/1.1 GET http://localhost:5150/swagger/index.html - null null
2026-04-27 08:31:17.323 +05:45 [INF] Request finished HTTP/1.1 GET http://localhost:5150/swagger/index.html - 200 null text/html;charset=utf-8 0.7414ms
2026-04-27 08:31:17.539 +05:45 [INF] Request starting HTTP/1.1 GET http://localhost:5150/swagger/v1/swagger.json - null null
2026-04-27 08:31:17.544 +05:45 [INF] Request finished HTTP/1.1 GET http://localhost:5150/swagger/v1/swagger.json - 200 null application/json;charset=utf-8 4.5792ms
05:45 [INF] Executed DbCommand (1ms) [Parameters=[], CommandType='"Text"', CommandTimeout='30']
DELETE FROM "Roles"
WHERE "Id" = '478a7f86-a632-4212-a303-814b1e622f9c';
2026-04-27 08:15:51.890 +05:45 [INF] Executed DbCommand (1ms) [Parameters=[], CommandType='"Text"', CommandTimeout='30']
DELETE FROM "Roles"
WHERE "Id" = '7d313939-dee6-4a0e-91d3-f348a3bb09e9';
2026-04-27 08:15:51.905 +05:45 [INF] Executed DbCommand (14ms) [Parameters=[], CommandType='"Text"', CommandTimeout='30']
ALTER TABLE "Students" ADD "UserId" text NOT NULL DEFAULT '';
2026-04-27 08:15:51.910 +05:45 [INF] Executed DbCommand (5ms) [Parameters=[], CommandType='"Text"', CommandTimeout='30']
INSERT INTO "Roles" ("Id", "ConcurrencyStamp", "Name", "NormalizedName")
VALUES ('125155b6-c0d9-400c-ac50-0093fb3e53f6', '34ad47ba-7573-4bec-8141-416cb1f95893', 'Student', 'STUDENT');
INSERT INTO "Roles" ("Id", "ConcurrencyStamp", "Name", "NormalizedName")
VALUES ('9e56a497-1e75-4ec6-8bf1-445f58862a4c', '29bb55b3-ee85-4661-80d9-c55549bd80ff', 'Instructor', 'INSTRUCTOR');
INSERT INTO "Roles" ("Id", "ConcurrencyStamp", "Name", "NormalizedName")
VALUES ('c47dffa7-4b7b-4d2f-832f-1905aace0245', '33086251-6616-452f-8508-c336d9115ac8', 'Admin', 'ADMIN');
2026-04-27 08:15:51.917 +05:45 [INF] Executed DbCommand (7ms) [Parameters=[], CommandType='"Text"', CommandTimeout='30']
CREATE INDEX "IX_Students_UserId" ON "Students" ("UserId");
2026-04-27 08:15:51.931 +05:45 [ERR] Failed executing DbCommand (12ms) [Parameters=[], CommandType='"Text"', CommandTimeout='30']
ALTER TABLE "Students" ADD CONSTRAINT "FK_Students_Users_UserId" FOREIGN KEY ("UserId") REFERENCES "Users" ("Id") ON DELETE CASCADE;
2026-04-27 08:16:32.889 +05:45 [INF] Executed DbCommand (67ms) [Parameters=[], CommandType='"Text"', CommandTimeout='30']
SELECT EXISTS (
    SELECT 1 FROM pg_catalog.pg_class c
    JOIN pg_catalog.pg_namespace n ON n.oid=c.relnamespace
    WHERE n.nspname='public' AND
          c.relname='__EFMigrationsHistory'
)
2026-04-27 08:16:32.942 +05:45 [INF] Executed DbCommand (2ms) [Parameters=[], CommandType='"Text"', CommandTimeout='30']
SELECT "MigrationId", "ProductVersion"
FROM "__EFMigrationsHistory"
ORDER BY "MigrationId";
2026-04-27 08:17:25.304 +05:45 [INF] Executed DbCommand (35ms) [Parameters=[], CommandType='"Text"', CommandTimeout='30']
SELECT EXISTS (
    SELECT 1 FROM pg_catalog.pg_class c
    JOIN pg_catalog.pg_namespace n ON n.oid=c.relnamespace
    WHERE n.nspname='public' AND
          c.relname='__EFMigrationsHistory'
)
2026-04-27 08:17:25.339 +05:45 [INF] Executed DbCommand (1ms) [Parameters=[], CommandType='"Text"', CommandTimeout='30']
SELECT "MigrationId", "ProductVersion"
FROM "__EFMigrationsHistory"
ORDER BY "MigrationId";
2026-04-27 08:17:25.351 +05:45 [INF] Executed DbCommand (1ms) [Parameters=[], CommandType='"Text"', CommandTimeout='30']
SELECT EXISTS (
    SELECT 1 FROM pg_catalog.pg_class c
    JOIN pg_catalog.pg_namespace n ON n.oid=c.relnamespace
    WHERE n.nspname='public' AND
          c.relname='__EFMigrationsHistory'
)
2026-04-27 08:17:25.359 +05:45 [INF] Executed DbCommand (1ms) [Parameters=[], CommandType='"Text"', CommandTimeout='30']
SELECT EXISTS (
    SELECT 1 FROM pg_catalog.pg_class c
    JOIN pg_catalog.pg_namespace n ON n.oid=c.relnamespace
    WHERE n.nspname='public' AND
          c.relname='__EFMigrationsHistory'
)
2026-04-27 08:17:25.359 +05:45 [INF] Executed DbCommand (0ms) [Parameters=[], CommandType='"Text"', CommandTimeout='30']
SELECT "MigrationId", "ProductVersion"
FROM "__EFMigrationsHistory"
ORDER BY "MigrationId";
2026-04-27 08:17:25.367 +05:45 [INF] Applying migration '20260427023145_AddUserIdToStudent'.
2026-04-27 08:17:25.406 +05:45 [INF] Executed DbCommand (2ms) [Parameters=[], CommandType='"Text"', CommandTimeout='30']
DELETE FROM "Roles"
WHERE "Id" = '2b8e206c-3db5-4636-9c9b-1063101a8bc4';
2026-04-27 08:17:25.407 +05:45 [INF] Executed DbCommand (0ms) [Parameters=[], CommandType='"Text"', CommandTimeout='30']
DELETE FROM "Roles"
WHERE "Id" = '478a7f86-a632-4212-a303-814b1e622f9c';
2026-04-27 08:17:25.407 +05:45 [INF] Executed DbCommand (0ms) [Parameters=[], CommandType='"Text"', CommandTimeout='30']
DELETE FROM "Roles"
WHERE "Id" = '7d313939-dee6-4a0e-91d3-f348a3bb09e9';
2026-04-27 08:17:25.414 +05:45 [INF] Executed DbCommand (7ms) [Parameters=[], CommandType='"Text"', CommandTimeout='30']
ALTER TABLE "Students" ADD "UserId" text;
2026-04-27 08:17:25.417 +05:45 [INF] Executed DbCommand (3ms) [Parameters=[], CommandType='"Text"', CommandTimeout='30']
INSERT INTO "Roles" ("Id", "ConcurrencyStamp", "Name", "NormalizedName")
VALUES ('2b481926-6bc8-4107-92c0-f56b947d4b8c', '3fc0ce6c-3d9c-41ef-9a43-6410e93c750b', 'Student', 'STUDENT');
INSERT INTO "Roles" ("Id", "ConcurrencyStamp", "Name", "NormalizedName")
VALUES ('3a65aca8-bcf1-483f-9b4b-0e22e3c60d2e', '07ced6f4-13f1-44c3-964e-9a7ef942231a', 'Instructor', 'INSTRUCTOR');
INSERT INTO "Roles" ("Id", "ConcurrencyStamp", "Name", "NormalizedName")
VALUES ('ca152055-daf8-47a3-b026-680bf188f7a8', 'a95f9f19-e223-4273-8437-5bd8a84fdaff', 'Admin', 'ADMIN');
2026-04-27 08:17:25.423 +05:45 [INF] Executed DbCommand (6ms) [Parameters=[], CommandType='"Text"', CommandTimeout='30']
CREATE INDEX "IX_Students_UserId" ON "Students" ("UserId");
2026-04-27 08:17:25.425 +05:45 [INF] Executed DbCommand (1ms) [Parameters=[], CommandType='"Text"', CommandTimeout='30']
ALTER TABLE "Students" ADD CONSTRAINT "FK_Students_Users_UserId" FOREIGN KEY ("UserId") REFERENCES "Users" ("Id");
2026-04-27 08:17:25.425 +05:45 [INF] Executed DbCommand (0ms) [Parameters=[], CommandType='"Text"', CommandTimeout='30']
INSERT INTO "__EFMigrationsHistory" ("MigrationId", "ProductVersion")
VALUES ('20260427023145_AddUserIdToStudent', '8.0.25');
2026-04-27 08:18:46.930 +05:45 [INF] Executed DbCommand (47ms) [Parameters=[], CommandType='"Text"', CommandTimeout='30']
SELECT EXISTS (
    SELECT 1 FROM pg_catalog.pg_class c
    JOIN pg_catalog.pg_namespace n ON n.oid=c.relnamespace
    WHERE n.nspname='public' AND
          c.relname='__EFMigrationsHistory'
)
2026-04-27 08:18:46.978 +05:45 [INF] Executed DbCommand (2ms) [Parameters=[], CommandType='"Text"', CommandTimeout='30']
SELECT "MigrationId", "ProductVersion"
FROM "__EFMigrationsHistory"
ORDER BY "MigrationId";
2026-04-27 08:18:46.997 +05:45 [INF] Executed DbCommand (1ms) [Parameters=[], CommandType='"Text"', CommandTimeout='30']
SELECT EXISTS (
    SELECT 1 FROM pg_catalog.pg_class c
    JOIN pg_catalog.pg_namespace n ON n.oid=c.relnamespace
    WHERE n.nspname='public' AND
          c.relname='__EFMigrationsHistory'
)
2026-04-27 08:18:47.007 +05:45 [INF] Executed DbCommand (1ms) [Parameters=[], CommandType='"Text"', CommandTimeout='30']
SELECT EXISTS (
    SELECT 1 FROM pg_catalog.pg_class c
    JOIN pg_catalog.pg_namespace n ON n.oid=c.relnamespace
    WHERE n.nspname='public' AND
          c.relname='__EFMigrationsHistory'
)
2026-04-27 08:18:47.007 +05:45 [INF] Executed DbCommand (0ms) [Parameters=[], CommandType='"Text"', CommandTimeout='30']
SELECT "MigrationId", "ProductVersion"
FROM "__EFMigrationsHistory"
ORDER BY "MigrationId";
2026-04-27 08:18:47.020 +05:45 [INF] Applying migration '20260427023333_AddProfilePictureToUsers'.
2026-04-27 08:18:47.079 +05:45 [INF] Executed DbCommand (2ms) [Parameters=[], CommandType='"Text"', CommandTimeout='30']
DELETE FROM "Roles"
WHERE "Id" = '2b481926-6bc8-4107-92c0-f56b947d4b8c';
2026-04-27 08:18:47.080 +05:45 [INF] Executed DbCommand (1ms) [Parameters=[], CommandType='"Text"', CommandTimeout='30']
DELETE FROM "Roles"
WHERE "Id" = '3a65aca8-bcf1-483f-9b4b-0e22e3c60d2e';
2026-04-27 08:18:47.081 +05:45 [INF] Executed DbCommand (0ms) [Parameters=[], CommandType='"Text"', CommandTimeout='30']
DELETE FROM "Roles"
WHERE "Id" = 'ca152055-daf8-47a3-b026-680bf188f7a8';
2026-04-27 08:18:47.082 +05:45 [INF] Executed DbCommand (1ms) [Parameters=[], CommandType='"Text"', CommandTimeout='30']
ALTER TABLE "Users" ADD "ProfilePicture" bytea;
2026-04-27 08:18:47.082 +05:45 [INF] Executed DbCommand (0ms) [Parameters=[], CommandType='"Text"', CommandTimeout='30']
ALTER TABLE "Users" ADD "ProfilePictureContentType" character varying(100);
2026-04-27 08:18:47.086 +05:45 [INF] Executed DbCommand (4ms) [Parameters=[], CommandType='"Text"', CommandTimeout='30']
INSERT INTO "Roles" ("Id", "ConcurrencyStamp", "Name", "NormalizedName")
VALUES ('b1019eb2-2f92-4610-9faa-cf7859ddb1ff', 'aa777695-b359-49e5-8308-b09ac07a43c8', 'Instructor', 'INSTRUCTOR');
INSERT INTO "Roles" ("Id", "ConcurrencyStamp", "Name", "NormalizedName")
VALUES ('c6a4f91e-3141-4b9f-b53b-8abaf12baf24', '741d41e9-97b8-479b-adce-2034edf595eb', 'Admin', 'ADMIN');
INSERT INTO "Roles" ("Id", "ConcurrencyStamp", "Name", "NormalizedName")
VALUES ('e65e5bdb-c052-49ca-9864-69387f3902a7', 'fcebecc9-641d-4ac7-a705-21b74604c766', 'Student', 'STUDENT');
2026-04-27 08:18:47.087 +05:45 [INF] Executed DbCommand (0ms) [Parameters=[], CommandType='"Text"', CommandTimeout='30']
INSERT INTO "__EFMigrationsHistory" ("MigrationId", "ProductVersion")
VALUES ('20260427023333_AddProfilePictureToUsers', '8.0.25');
2026-04-27 08:21:03.213 +05:45 [INF] User profile is available. Using '/home/susant/.aspnet/DataProtection-Keys' as key repository; keys will not be encrypted at rest.
2026-04-27 08:21:03.823 +05:45 [ERR] Hosting failed to start
System.IO.IOException: Failed to bind to address http://127.0.0.1:5150: address already in use.
 ---> Microsoft.AspNetCore.Connections.AddressInUseException: Address already in use
 ---> System.Net.Sockets.SocketException (98): Address already in use
   at System.Net.Sockets.Socket.DoBind(EndPoint endPointSnapshot, SocketAddress socketAddress)
   at System.Net.Sockets.Socket.Bind(EndPoint localEP)
   at Microsoft.AspNetCore.Server.Kestrel.Transport.Sockets.SocketTransportOptions.CreateDefaultBoundListenSocket(EndPoint endpoint)
   at Microsoft.AspNetCore.Server.Kestrel.Transport.Sockets.SocketConnectionListener.Bind()
   --- End of inner exception stack trace ---
   at Microsoft.AspNetCore.Server.Kestrel.Transport.Sockets.SocketConnectionListener.Bind()
   at Microsoft.AspNetCore.Server.Kestrel.Transport.Sockets.SocketTransportFactory.BindAsync(EndPoint endpoint, CancellationToken cancellationToken)
   at Microsoft.AspNetCore.Server.Kestrel.Core.Internal.Infrastructure.TransportManager.BindAsync(EndPoint endPoint, ConnectionDelegate connectionDelegate, EndpointConfig endpointConfig, CancellationToken cancellationToken)
   at Microsoft.AspNetCore.Server.Kestrel.Core.KestrelServerImpl.<>c__DisplayClass28_0`1.<<StartAsync>g__OnBind|0>d.MoveNext()
--- End of stack trace from previous location ---
   at Microsoft.AspNetCore.Server.Kestrel.Core.Internal.AddressBinder.BindEndpointAsync(ListenOptions endpoint, AddressBindContext context, CancellationToken cancellationToken)
   --- End of inner exception stack trace ---
   at Microsoft.AspNetCore.Server.Kestrel.Core.Internal.AddressBinder.BindEndpointAsync(ListenOptions endpoint, AddressBindContext context, CancellationToken cancellationToken)
   at Microsoft.AspNetCore.Server.Kestrel.Core.LocalhostListenOptions.BindAsync(AddressBindContext context, CancellationToken cancellationToken)
   at Microsoft.AspNetCore.Server.Kestrel.Core.Internal.AddressBinder.AddressesStrategy.BindAsync(AddressBindContext context, CancellationToken cancellationToken)
   at Microsoft.AspNetCore.Server.Kestrel.Core.Internal.AddressBinder.BindAsync(ListenOptions[] listenOptions, AddressBindContext context, Func`2 useHttps, CancellationToken cancellationToken)
   at Microsoft.AspNetCore.Server.Kestrel.Core.KestrelServerImpl.BindAsync(CancellationToken cancellationToken)
   at Microsoft.AspNetCore.Server.Kestrel.Core.KestrelServerImpl.StartAsync[TContext](IHttpApplication`1 application, CancellationToken cancellationToken)
   at Microsoft.AspNetCore.Hosting.GenericWebHostService.StartAsync(CancellationToken cancellationToken)
   at Microsoft.Extensions.Hosting.Internal.Host.<StartAsync>b__15_1(IHostedService service, CancellationToken token)
   at Microsoft.Extensions.Hosting.Internal.Host.ForeachService[T](IEnumerable`1 services, CancellationToken token, Boolean concurrent, Boolean abortOnFirstException, List`1 exceptions, Func`3 operation)
2026-04-27 08:25:25.397 +05:45 [INF] User profile is available. Using '/home/susant/.aspnet/DataProtection-Keys' as key repository; keys will not be encrypted at rest.
2026-04-27 08:25:25.589 +05:45 [ERR] Hosting failed to start
System.IO.IOException: Failed to bind to address http://127.0.0.1:5150: address already in use.
 ---> Microsoft.AspNetCore.Connections.AddressInUseException: Address already in use
 ---> System.Net.Sockets.SocketException (98): Address already in use
   at System.Net.Sockets.Socket.DoBind(EndPoint endPointSnapshot, SocketAddress socketAddress)
   at System.Net.Sockets.Socket.Bind(EndPoint localEP)
   at Microsoft.AspNetCore.Server.Kestrel.Transport.Sockets.SocketTransportOptions.CreateDefaultBoundListenSocket(EndPoint endpoint)
   at Microsoft.AspNetCore.Server.Kestrel.Transport.Sockets.SocketConnectionListener.Bind()
   --- End of inner exception stack trace ---
   at Microsoft.AspNetCore.Server.Kestrel.Transport.Sockets.SocketConnectionListener.Bind()
   at Microsoft.AspNetCore.Server.Kestrel.Transport.Sockets.SocketTransportFactory.BindAsync(EndPoint endpoint, CancellationToken cancellationToken)
   at Microsoft.AspNetCore.Server.Kestrel.Core.Internal.Infrastructure.TransportManager.BindAsync(EndPoint endPoint, ConnectionDelegate connectionDelegate, EndpointConfig endpointConfig, CancellationToken cancellationToken)
   at Microsoft.AspNetCore.Server.Kestrel.Core.KestrelServerImpl.<>c__DisplayClass28_0`1.<<StartAsync>g__OnBind|0>d.MoveNext()
--- End of stack trace from previous location ---
   at Microsoft.AspNetCore.Server.Kestrel.Core.Internal.AddressBinder.BindEndpointAsync(ListenOptions endpoint, AddressBindContext context, CancellationToken cancellationToken)
   --- End of inner exception stack trace ---
   at Microsoft.AspNetCore.Server.Kestrel.Core.Internal.AddressBinder.BindEndpointAsync(ListenOptions endpoint, AddressBindContext context, CancellationToken cancellationToken)
   at Microsoft.AspNetCore.Server.Kestrel.Core.LocalhostListenOptions.BindAsync(AddressBindContext context, CancellationToken cancellationToken)
   at Microsoft.AspNetCore.Server.Kestrel.Core.Internal.AddressBinder.AddressesStrategy.BindAsync(AddressBindContext context, CancellationToken cancellationToken)
   at Microsoft.AspNetCore.Server.Kestrel.Core.Internal.AddressBinder.BindAsync(ListenOptions[] listenOptions, AddressBindContext context, Func`2 useHttps, CancellationToken cancellationToken)
   at Microsoft.AspNetCore.Server.Kestrel.Core.KestrelServerImpl.BindAsync(CancellationToken cancellationToken)
   at Microsoft.AspNetCore.Server.Kestrel.Core.KestrelServerImpl.StartAsync[TContext](IHttpApplication`1 application, CancellationToken cancellationToken)
   at Microsoft.AspNetCore.Hosting.GenericWebHostService.StartAsync(CancellationToken cancellationToken)
   at Microsoft.Extensions.Hosting.Internal.Host.<StartAsync>b__15_1(IHostedService service, CancellationToken token)
   at Microsoft.Extensions.Hosting.Internal.Host.ForeachService[T](IEnumerable`1 services, CancellationToken token, Boolean concurrent, Boolean abortOnFirstException, List`1 exceptions, Func`3 operation)
2026-04-27 08:31:17.278 +05:45 [INF] User profile is available. Using '/home/susant/.aspnet/DataProtection-Keys' as key repository; keys will not be encrypted at rest.
2026-04-27 08:31:17.492 +05:45 [ERR] Hosting failed to start
System.IO.IOException: Failed to bind to address http://127.0.0.1:5150: address already in use.
 ---> Microsoft.AspNetCore.Connections.AddressInUseException: Address already in use
 ---> System.Net.Sockets.SocketException (98): Address already in use
   at System.Net.Sockets.Socket.DoBind(EndPoint endPointSnapshot, SocketAddress socketAddress)
   at System.Net.Sockets.Socket.Bind(EndPoint localEP)
   at Microsoft.AspNetCore.Server.Kestrel.Transport.Sockets.SocketTransportOptions.CreateDefaultBoundListenSocket(EndPoint endpoint)
   at Microsoft.AspNetCore.Server.Kestrel.Transport.Sockets.SocketConnectionListener.Bind()
   --- End of inner exception stack trace ---
   at Microsoft.AspNetCore.Server.Kestrel.Transport.Sockets.SocketConnectionListener.Bind()
   at Microsoft.AspNetCore.Server.Kestrel.Transport.Sockets.SocketTransportFactory.BindAsync(EndPoint endpoint, CancellationToken cancellationToken)
   at Microsoft.AspNetCore.Server.Kestrel.Core.Internal.Infrastructure.TransportManager.BindAsync(EndPoint endPoint, ConnectionDelegate connectionDelegate, EndpointConfig endpointConfig, CancellationToken cancellationToken)
   at Microsoft.AspNetCore.Server.Kestrel.Core.KestrelServerImpl.<>c__DisplayClass28_0`1.<<StartAsync>g__OnBind|0>d.MoveNext()
--- End of stack trace from previous location ---
   at Microsoft.AspNetCore.Server.Kestrel.Core.Internal.AddressBinder.BindEndpointAsync(ListenOptions endpoint, AddressBindContext context, CancellationToken cancellationToken)
   --- End of inner exception stack trace ---
   at Microsoft.AspNetCore.Server.Kestrel.Core.Internal.AddressBinder.BindEndpointAsync(ListenOptions endpoint, AddressBindContext context, CancellationToken cancellationToken)
   at Microsoft.AspNetCore.Server.Kestrel.Core.LocalhostListenOptions.BindAsync(AddressBindContext context, CancellationToken cancellationToken)
   at Microsoft.AspNetCore.Server.Kestrel.Core.Internal.AddressBinder.AddressesStrategy.BindAsync(AddressBindContext context, CancellationToken cancellationToken)
   at Microsoft.AspNetCore.Server.Kestrel.Core.Internal.AddressBinder.BindAsync(ListenOptions[] listenOptions, AddressBindContext context, Func`2 useHttps, CancellationToken cancellationToken)
   at Microsoft.AspNetCore.Server.Kestrel.Core.KestrelServerImpl.BindAsync(CancellationToken cancellationToken)
   at Microsoft.AspNetCore.Server.Kestrel.Core.KestrelServerImpl.StartAsync[TContext](IHttpApplication`1 application, CancellationToken cancellationToken)
   at Microsoft.AspNetCore.Hosting.GenericWebHostService.StartAsync(CancellationToken cancellationToken)
   at Microsoft.Extensions.Hosting.Internal.Host.<StartAsync>b__15_1(IHostedService service, CancellationToken token)
   at Microsoft.Extensions.Hosting.Internal.Host.ForeachService[T](IEnumerable`1 services, CancellationToken token, Boolean concurrent, Boolean abortOnFirstException, List`1 exceptions, Func`3 operation)
